samples,features,classes,clusters,seed,population_size,point,class,target,model,min_fitness,mean_fitness,fitness_std,max_fitness,accuracy
10,32,2,1,1,2000,0,1,0,MLPClassifier,-6.545249231332629,-6.259485393407923,0.207402678048395,-5.747811337701001,1.0
10,32,2,1,1,2000,0,1,1,MLPClassifier,-0.967062980765284,-0.5035124493529743,0.24155473295477733,-0.03904257251703713,1.0
10,32,2,1,1,2000,1,0,0,MLPClassifier,-1.0228159296102084,-0.6653656210602912,0.2607783964533008,-0.027299906093988274,1.0
10,32,2,1,1,2000,1,0,1,MLPClassifier,-5.91155870555268,-5.670467122141792,0.15571948562480262,-5.333409245129584,1.0
10,32,2,1,1,2000,2,0,0,MLPClassifier,-0.9639107958660994,-0.5767167751675842,0.25553830532866295,-0.02801574227479886,1.0
10,32,2,1,1,2000,2,0,1,MLPClassifier,-6.937523943099611,-6.7087027353163124,0.16147283181577274,-6.315317976213984,1.0
10,32,2,1,1,2000,3,0,0,MLPClassifier,-0.8139960615204958,-0.5005035381828494,0.19378816467110455,-0.011637451167257673,1.0
10,32,2,1,1,2000,3,0,1,MLPClassifier,-8.411005712466933,-8.106642725820493,0.1603784815805799,-7.806852839463644,1.0
10,32,2,1,1,2000,4,1,0,MLPClassifier,-7.898177181552231,-7.765334144561764,0.08604323426409849,-7.586298918344891,1.0
10,32,2,1,1,2000,4,1,1,MLPClassifier,-1.224728632774839,-0.7398982713573454,0.3555751915028901,-0.006567505222210945,1.0
10,32,2,1,1,2000,5,0,0,MLPClassifier,-1.0856749757374926,-0.717947729836876,0.2630162315508928,-0.03923815956953103,1.0
10,32,2,1,1,2000,5,0,1,MLPClassifier,-6.74366322836755,-6.124475766789049,0.41305847385650757,-5.164291870961111,1.0
10,32,2,1,1,2000,6,1,0,MLPClassifier,-9.225341509505803,-8.562090079415578,0.4074534252856822,-7.716787211995664,1.0
10,32,2,1,1,2000,6,1,1,MLPClassifier,-1.4629473864533376,-0.8620291581240681,0.3979332390094712,-0.0189531312867528,1.0
10,32,2,1,1,2000,7,0,0,MLPClassifier,-1.2407979245710876,-0.730898216790705,0.31225375211876416,-0.0060392844793513145,1.0
10,32,2,1,1,2000,7,0,1,MLPClassifier,-5.096384452150661,-4.78483154479199,0.17226306592593593,-4.426411894216891,1.0
10,32,2,1,1,2000,8,1,0,MLPClassifier,-6.822254758515652,-6.1355445232787735,0.4980054319705266,-4.943246777476681,1.0
10,32,2,1,1,2000,8,1,1,MLPClassifier,-1.0910714491321427,-0.6179556570892469,0.25902035863868034,-0.0792938799039653,1.0
10,32,2,1,1,2000,9,1,0,MLPClassifier,-3.7515642209570252,-3.014640348157772,0.6053675302226241,-1.6964961460468977,1.0
10,32,2,1,1,2000,9,1,1,MLPClassifier,-1.522701894435931,-0.8880202293897034,0.37019879520053656,-0.045839428172558705,1.0
10,4,2,1,1,2000,0,0,0,MLPClassifier,-0.026730597694833366,-0.01414189107466713,0.007888444763644325,-0.00015875771097384472,1.0
10,4,2,1,1,2000,0,0,1,MLPClassifier,-1.193381810350257,-1.1858029010177247,0.0036483649282873874,-1.1813234703562925,1.0
10,4,2,1,1,2000,1,0,0,MLPClassifier,-0.047549672586265926,-0.023291232374149873,0.013077940500466623,-0.00012897663457750452,1.0
10,4,2,1,1,2000,1,0,1,MLPClassifier,-0.31055004987365276,-0.30563565682721006,0.0040922571038067325,-0.2928820395294227,1.0
10,4,2,1,1,2000,2,1,0,MLPClassifier,-0.6420579131910372,-0.5994305673212724,0.026739810218619268,-0.5412980900974179,1.0
10,4,2,1,1,2000,2,1,1,MLPClassifier,-0.058083917742512314,-0.03102885907255743,0.016216370897855728,-0.0005967546313845329,1.0
10,4,2,1,1,2000,3,0,0,MLPClassifier,-0.04269746006312114,-0.020572681391228656,0.012082394883862837,-0.0010775050401434783,1.0
10,4,2,1,1,2000,3,0,1,MLPClassifier,-0.06483379581672062,-0.03999516768978973,0.014977980480959168,-0.010080099441315826,1.0
10,4,2,1,1,2000,4,0,0,MLPClassifier,-0.03909607864985443,-0.020595598672199886,0.011170677170849736,-0.0005197379559016557,1.0
10,4,2,1,1,2000,4,0,1,MLPClassifier,-1.4980890877179283,-1.4757293299544738,0.013619600433006846,-1.4532546675649483,1.0
10,4,2,1,1,2000,5,1,0,MLPClassifier,-1.622196160907998,-1.6060037355119585,0.009101908645634734,-1.588508722609357,1.0
10,4,2,1,1,2000,5,1,1,MLPClassifier,-0.04813432088083358,-0.02741229912585126,0.013966084277874213,-0.0005470938390730318,1.0
10,4,2,1,1,2000,6,0,0,MLPClassifier,-0.049308500460067795,-0.02720953441018506,0.013552165200500694,-0.00015156834555540843,1.0
10,4,2,1,1,2000,6,0,1,MLPClassifier,-1.5284434069674062,-1.5073553386430893,0.01371302203758013,-1.475381363990108,1.0
10,4,2,1,1,2000,7,0,0,MLPClassifier,-0.02908239487132591,-0.014499382320002061,0.00814766545229169,-0.0006354220053997883,1.0
10,4,2,1,1,2000,7,0,1,MLPClassifier,-1.2052507629103384,-1.1855445222282994,0.011382139224574385,-1.1664891017823351,1.0
10,4,2,1,1,2000,8,0,0,MLPClassifier,-0.032233204921616014,-0.016835814826803616,0.00938274308251851,-0.00026356729480125907,1.0
10,4,2,1,1,2000,8,0,1,MLPClassifier,-1.2190753428412096,-1.2055546264805836,0.006369973581605327,-1.198701964723425,1.0
10,4,2,1,1,2000,9,0,0,MLPClassifier,-0.030397822848256813,-0.014787975724798355,0.008876343009431388,-0.0001356523648232688,1.0
10,4,2,1,1,2000,9,0,1,MLPClassifier,-1.252460269515487,-1.2498592576579404,0.0012439354880836727,-1.247372718618037,1.0
10,8,2,1,1,2000,0,1,0,MLPClassifier,-1.0676372237798775,-1.0021809953362437,0.036105312693368634,-0.9379614331923474,1.0
10,8,2,1,1,2000,0,1,1,MLPClassifier,-0.1269737449527048,-0.06839602231491447,0.036680783318658726,-0.003298587101693562,1.0
10,8,2,1,1,2000,1,1,0,MLPClassifier,-1.3716738608931855,-1.3086057721186422,0.03545288906084379,-1.2161061568818705,1.0
10,8,2,1,1,2000,1,1,1,MLPClassifier,-0.17242898556538222,-0.09826113795752833,0.04678849225449454,-0.005717367095294135,1.0
10,8,2,1,1,2000,2,1,0,MLPClassifier,-0.9199262868969416,-0.870831111639172,0.025822916743057953,-0.7960728127860296,1.0
10,8,2,1,1,2000,2,1,1,MLPClassifier,-0.1137930866251402,-0.06475436420621582,0.030413954284627284,-0.005993745483149571,1.0
10,8,2,1,1,2000,3,1,0,MLPClassifier,-1.2884226020740122,-1.2053469044878273,0.04635428541388855,-1.1181973142898651,1.0
10,8,2,1,1,2000,3,1,1,MLPClassifier,-0.19862595776400327,-0.10985308694351331,0.05621206850521806,-0.00015718679949945635,1.0
10,8,2,1,1,2000,4,1,0,MLPClassifier,-0.9879412601824131,-0.9257154479762376,0.042004899059982274,-0.804650520256369,1.0
10,8,2,1,1,2000,4,1,1,MLPClassifier,-0.10704871587607512,-0.05940721982132011,0.02881150054326253,-0.0016965110910468484,1.0
10,8,2,1,1,2000,5,0,0,MLPClassifier,-0.2396309360518041,-0.13733826759446996,0.06517336101113784,-0.007039921135856275,1.0
10,8,2,1,1,2000,5,0,1,MLPClassifier,-1.8759852710263916,-1.7611100039810292,0.06840591286807245,-1.658162233821208,1.0
10,8,2,1,1,2000,6,0,0,MLPClassifier,-0.16040309274783182,-0.08754835115321846,0.04245845776654042,-0.00491863249218516,1.0
10,8,2,1,1,2000,6,0,1,MLPClassifier,-2.459170476366835,-2.403386175606559,0.03367759623199549,-2.345385825314815,1.0
10,8,2,1,1,2000,7,1,0,MLPClassifier,-1.2414751013535166,-1.1909231658930641,0.028230914868520526,-1.1339522587147723,1.0
10,8,2,1,1,2000,7,1,1,MLPClassifier,-0.1466951946428927,-0.08456951179524534,0.0390096729782443,-0.009719905232106973,1.0
10,8,2,1,1,2000,8,1,0,MLPClassifier,-1.2657837395668246,-1.2046458029025087,0.041978362024337953,-1.1275669386699392,1.0
10,8,2,1,1,2000,8,1,1,MLPClassifier,-0.08943953284120348,-0.05279548017731612,0.023316186740532176,-0.006147741877224444,1.0
10,8,2,1,1,2000,9,1,0,MLPClassifier,-1.0506005920678674,-1.0042999605269305,0.03483848516776577,-0.9160919270004171,1.0
10,8,2,1,1,2000,9,1,1,MLPClassifier,-0.1406647274375837,-0.07468426665907776,0.039678434609824474,-0.0020360944924688873,1.0
10,64,2,1,0,2000,0,1,0,MLPClassifier,-8.782518179437682,-8.346193875608744,0.3158251310000233,-7.539211125057938,1.0
10,64,2,1,0,2000,0,1,1,MLPClassifier,-2.775600488872878,-1.6698510211565423,0.6995116506290938,-0.05750009039702575,1.0
10,64,2,1,0,2000,1,0,0,MLPClassifier,-2.358694668501827,-1.3979436532694398,0.6133142887211066,-0.10814768631903748,1.0
10,64,2,1,0,2000,1,0,1,MLPClassifier,-17.201846447930727,-16.553796481203218,0.45727661623440863,-15.62720379673275,1.0
10,64,2,1,0,2000,2,0,0,MLPClassifier,-3.032317650942293,-1.6989108459055573,0.9703411589713947,-0.03792305771592021,1.0
10,64,2,1,0,2000,2,0,1,MLPClassifier,-13.403989597388293,-12.479810040164748,0.6897189990731946,-10.717580030234796,1.0
10,64,2,1,0,2000,3,1,0,MLPClassifier,-13.713184197056895,-12.43002520201055,0.761020943893529,-11.024713289871254,1.0
10,64,2,1,0,2000,3,1,1,MLPClassifier,-2.388825477855229,-1.4598974860027467,0.58845766196401,-0.09677818335362987,1.0
10,64,2,1,0,2000,4,1,0,MLPClassifier,-23.805662233587213,-22.963244098076352,0.674262263609592,-21.526776604079476,1.0
10,64,2,1,0,2000,4,1,1,MLPClassifier,-4.417929586312177,-2.2810322874434634,1.3608539481121258,-0.061914902767784774,1.0
10,64,2,1,0,2000,5,0,0,MLPClassifier,-2.9260397433931784,-1.7822250137802171,0.657633648401536,-0.09620086168568387,1.0
10,64,2,1,0,2000,5,0,1,MLPClassifier,-16.863150123578265,-16.18972554137728,0.427415913014711,-15.20221940779603,1.0
10,64,2,1,0,2000,6,1,0,MLPClassifier,-21.163829473679435,-20.79819241064628,0.27456579671240866,-19.95588660357972,1.0
10,64,2,1,0,2000,6,1,1,MLPClassifier,-4.621640288779844,-2.937135415240365,1.2387358656473113,-0.1368930178516159,1.0
10,64,2,1,0,2000,7,1,0,MLPClassifier,-11.475658920596718,-10.429616169317276,0.7540200084438089,-8.419453884586789,1.0
10,64,2,1,0,2000,7,1,1,MLPClassifier,-3.302977552199227,-2.077196509839925,0.7338249124423303,-0.013185809359182343,1.0
10,64,2,1,0,2000,8,1,0,MLPClassifier,-18.6633369978597,-16.77787029757177,1.1060008429227777,-15.219191559445346,1.0
10,64,2,1,0,2000,8,1,1,MLPClassifier,-2.6184519078782227,-1.4826672833350742,0.7823556047261093,-0.019211065946372674,1.0
10,64,2,1,0,2000,9,0,0,MLPClassifier,-2.3615560580156503,-1.4131220308440289,0.5984341973638468,-0.0164252743256188,1.0
10,64,2,1,0,2000,9,0,1,MLPClassifier,-16.03144882248945,-14.468495795114954,1.2395245440068907,-11.704386773736518,1.0
10,4,2,1,0,2000,0,0,0,MLPClassifier,-0.025768508101610795,-0.013677175370084728,0.007476785971332116,-0.0004819817467316967,1.0
10,4,2,1,0,2000,0,0,1,MLPClassifier,-1.6745642232329265,-1.664058625422663,0.006225335845597367,-1.6540845370175818,1.0
10,4,2,1,0,2000,1,1,0,MLPClassifier,-1.0518528373338027,-1.0355496744552248,0.011718616515048564,-1.0164764227073466,1.0
10,4,2,1,0,2000,1,1,1,MLPClassifier,-0.04117020700140662,-0.02116434821233295,0.011303991804994445,-8.404592435562463e-06,1.0
10,4,2,1,0,2000,2,1,0,MLPClassifier,-0.8514306105199556,-0.8234034558270886,0.015290229856999234,-0.7768761412066644,1.0
10,4,2,1,0,2000,2,1,1,MLPClassifier,-0.03905949275020648,-0.02078790511411244,0.010514144693155794,-4.689314255712507e-05,1.0
10,4,2,1,0,2000,3,0,0,MLPClassifier,-0.031545015679162514,-0.016888490971219545,0.007791687058892032,-0.00028110991051294443,1.0
10,4,2,1,0,2000,3,0,1,MLPClassifier,-1.8052266488408732,-1.7926806727881441,0.00722560745934689,-1.7819758763559632,1.0
10,4,2,1,0,2000,4,1,0,MLPClassifier,-1.2521299319754542,-1.241647865930927,0.01165839355576673,-1.1015955715294916,1.0
10,4,2,1,0,2000,4,1,1,MLPClassifier,-0.03616538490238416,-0.019437577835737015,0.009367355958577465,-0.0011242226089769325,1.0
10,4,2,1,0,2000,5,0,0,MLPClassifier,-0.03299625707902014,-0.017867519718048775,0.00894766849353826,-0.0021350850083385886,1.0
10,4,2,1,0,2000,5,0,1,MLPClassifier,-2.189317997754077,-2.17081369017427,0.010797991024447536,-2.1533315813137905,1.0
10,4,2,1,0,2000,6,1,0,MLPClassifier,-0.13494667910493982,-0.10628790724101936,0.014569450724918638,-0.08136230973716649,1.0
10,4,2,1,0,2000,6,1,1,MLPClassifier,-0.03403226376614555,-0.017563356145707965,0.009817175618431826,-1.2189714686750008e-05,1.0
10,4,2,1,0,2000,7,0,0,MLPClassifier,-0.024673556116308736,-0.012843337912783305,0.006548757817606495,-0.00029908187722925243,1.0
10,4,2,1,0,2000,7,0,1,MLPClassifier,-1.0689130383757086,-1.0546669947071614,0.009191760798830073,-1.0344687563840533,1.0
10,4,2,1,0,2000,8,1,0,MLPClassifier,-0.644682492361658,-0.6232242608177815,0.013371978023813558,-0.5994943359159886,1.0
10,4,2,1,0,2000,8,1,1,MLPClassifier,-0.046668836449782695,-0.02325585143793539,0.012134427497607738,-0.0018472378816376533,1.0
10,4,2,1,0,2000,9,0,0,MLPClassifier,-0.07524621923931618,-0.039927444152573446,0.02132446256827677,-0.0014958477061859377,1.0
10,4,2,1,0,2000,9,0,1,MLPClassifier,-3.5123666328517453,-3.4955549366849605,0.0098079837540957,-3.4812932105942007,1.0
10,2,2,1,0,2000,0,1,0,MLPClassifier,-0.6164639139517216,-0.6148598472108415,0.0007257955270602213,-0.6140374558859557,1.0
10,2,2,1,0,2000,0,1,1,MLPClassifier,-0.012598516451815867,-0.006503325661808645,0.0033075537879850465,-0.0005113852011555675,1.0
10,2,2,1,0,2000,1,0,0,MLPClassifier,-0.020068575590949822,-0.009719483970397524,0.005737520273331567,-2.5811523919894164e-05,1.0
10,2,2,1,0,2000,1,0,1,MLPClassifier,-2.3128535446733243,-2.3076655109754722,0.0030921343650724452,-2.302652842911493,1.0
10,2,2,1,0,2000,2,0,0,MLPClassifier,-0.014586410183135001,-0.007092682207763267,0.004376199525787974,-0.00022133080667408045,1.0
10,2,2,1,0,2000,2,0,1,MLPClassifier,-1.198118366031428,-1.1895061168383811,0.004628382117361292,-1.1814618507296644,1.0
10,2,2,1,0,2000,3,1,0,MLPClassifier,-1.2919762030584019,-1.2908801573650754,0.0010114892615885587,-1.2892101240443723,1.0
10,2,2,1,0,2000,3,1,1,MLPClassifier,-0.019111342089203582,-0.009578965641567625,0.005609331317904462,-1.1793313769103975e-05,1.0
10,2,2,1,0,2000,4,0,0,MLPClassifier,-0.013474320273438312,-0.006968819178579457,0.0036247911389379692,-0.00014589550738736135,1.0
10,2,2,1,0,2000,4,0,1,MLPClassifier,-0.5069577812805538,-0.5049968748912186,0.0008436940458192337,-0.5041617223045384,1.0
10,2,2,1,0,2000,5,0,0,MLPClassifier,-0.03201870694266619,-0.016445632127846877,0.008750205302001407,-1.2043111413992391e-05,1.0
10,2,2,1,0,2000,5,0,1,MLPClassifier,-1.9512024550733371,-1.9454533013311635,0.0033163881039211637,-1.938987981612091,1.0
10,2,2,1,0,2000,6,1,0,MLPClassifier,-0.5007200563624373,-0.4885421562168741,0.006247092090518999,-0.4794625172931568,1.0
10,2,2,1,0,2000,6,1,1,MLPClassifier,-0.027128586720475675,-0.014277671859432317,0.007678461546584296,-0.00030551197891881543,1.0
10,2,2,1,0,2000,7,1,0,MLPClassifier,-0.08391480864870038,-0.058291630524205565,0.013221530783023695,-0.03883564020876634,1.0
10,2,2,1,0,2000,7,1,1,MLPClassifier,-0.02423797066660527,-0.011841739711461043,0.007133751847584823,-7.576092007438584e-05,1.0
10,2,2,1,0,2000,8,1,0,MLPClassifier,-1.0474339649052709,-1.0453913873226155,0.0011048090942159536,-1.0433465413841256,1.0
10,2,2,1,0,2000,8,1,1,MLPClassifier,-0.01987776042838485,-0.01076115019679615,0.00578636056362073,-0.00021882624823810204,1.0
10,2,2,1,0,2000,9,0,0,MLPClassifier,-0.016286085999122263,-0.008577934635554126,0.004841883839336551,-2.2707693401374796e-05,1.0
10,2,2,1,0,2000,9,0,1,MLPClassifier,-0.01647236060362758,-0.008876098637285355,0.00407708150410578,-0.002295512781685688,1.0
10,2,2,1,1,2000,0,1,0,MLPClassifier,-0.2265126546017879,-0.21791259834404017,0.003769724938858365,-0.21331964662455483,1.0
10,2,2,1,1,2000,0,1,1,MLPClassifier,-0.014603148112055512,-0.007192740012532828,0.004184995662714744,-0.00019070425851275274,1.0
10,2,2,1,1,2000,1,0,0,MLPClassifier,-0.045292396402936586,-0.02242360083365484,0.012594047328592635,-0.00016788775495069075,1.0
10,2,2,1,1,2000,1,0,1,MLPClassifier,-2.951721101910322,-2.927231252350542,0.011978290096672421,-2.9086499576468503,1.0
10,2,2,1,1,2000,2,0,0,MLPClassifier,-0.020036259569827797,-0.009928031347226952,0.005655352656465448,-0.00027801730659460233,1.0
10,2,2,1,1,2000,2,0,1,MLPClassifier,-0.6510746939598194,-0.6391535476321042,0.006727993506034384,-0.6268674109855371,1.0
10,2,2,1,1,2000,3,0,0,MLPClassifier,-0.03027461376814861,-0.015520324533202769,0.008531586509465923,-8.931210042195659e-05,1.0
10,2,2,1,1,2000,3,0,1,MLPClassifier,-2.001463321503778,-1.9927767783606987,0.005020476088673698,-1.9790075059123675,1.0
10,2,2,1,1,2000,4,1,0,MLPClassifier,-0.17845583503616336,-0.17060509087791778,0.004043865113982301,-0.16514513488382754,1.0
10,2,2,1,1,2000,4,1,1,MLPClassifier,-0.015579971392106318,-0.008346205759051569,0.004225522507002638,-0.00016729608373763916,1.0
10,2,2,1,1,2000,5,1,0,MLPClassifier,-0.3131839557920105,-0.3047517907979914,0.004629269397694325,-0.2985110006106979,1.0
10,2,2,1,1,2000,5,1,1,MLPClassifier,-0.018270174144803475,-0.008763107228761524,0.005040497959221877,-0.00019585959656454044,1.0
10,2,2,1,1,2000,6,1,0,MLPClassifier,-0.20984008314496083,-0.20076640903416648,0.004403376017421232,-0.1950640878794475,1.0
10,2,2,1,1,2000,6,1,1,MLPClassifier,-0.016537856891546743,-0.008786011938014584,0.005004897682907119,-8.314216488258808e-05,1.0
10,2,2,1,1,2000,7,1,0,MLPClassifier,-0.17313616234345963,-0.1650928356224905,0.0040342180762061065,-0.15915805885766754,1.0
10,2,2,1,1,2000,7,1,1,MLPClassifier,-0.019158650865497506,-0.008954247275795722,0.005570907730152982,-5.728076945654692e-05,1.0
10,2,2,1,1,2000,8,1,0,MLPClassifier,-0.2544150472190257,-0.246647561870607,0.0042440087501432865,-0.24100742112921458,1.0
10,2,2,1,1,2000,8,1,1,MLPClassifier,-0.01672612498225088,-0.007891192257174521,0.004541030156159128,-2.3435109823610745e-05,1.0
10,2,2,1,1,2000,9,0,0,MLPClassifier,-0.08885168088470108,-0.0443022437739483,0.025745986286824563,-0.0009434283362619311,1.0
10,2,2,1,1,2000,9,0,1,MLPClassifier,-2.9457514113149608,-2.9303038061304236,0.007240596447044926,-2.9182319670986803,1.0
10,64,2,1,1,2000,0,0,0,MLPClassifier,-3.3412793641592815,-1.9523932465482203,0.8112994090576778,-0.13555624329762528,1.0
10,64,2,1,1,2000,0,0,1,MLPClassifier,-23.440312250235877,-23.211467925905357,0.14058906269130886,-22.862979491510725,1.0
10,64,2,1,1,2000,1,0,0,MLPClassifier,-2.65602867555965,-1.3841673903511085,0.6932316226888556,-0.09623989824424983,1.0
10,64,2,1,1,2000,1,0,1,MLPClassifier,-11.879929270779193,-10.885741612920718,0.7857878273829976,-8.876160232698545,1.0
10,64,2,1,1,2000,2,0,0,MLPClassifier,-1.8104113797672625,-0.8844220695702378,0.5042242275345057,-0.045894126394283696,1.0
10,64,2,1,1,2000,2,0,1,MLPClassifier,-19.812119530602743,-19.363915437578786,0.3393755825444338,-18.531010805239063,1.0
10,64,2,1,1,2000,3,1,0,MLPClassifier,-18.232919603437693,-16.863815834670273,0.8871114716140459,-15.179898773650343,1.0
10,64,2,1,1,2000,3,1,1,MLPClassifier,-2.631326654037985,-1.5525957467023381,0.732626180985305,-0.17866405110086658,1.0
10,64,2,1,1,2000,4,0,0,MLPClassifier,-3.3462645713825667,-1.8413769607815789,0.8523528798971617,-0.047301577842516346,1.0
10,64,2,1,1,2000,4,0,1,MLPClassifier,-19.21065080268495,-17.92821386759792,0.8077481273401361,-16.67029316110006,1.0
10,64,2,1,1,2000,5,1,0,MLPClassifier,-13.747597700644661,-13.133517101751501,0.4205447971954186,-12.199139618986667,1.0
10,64,2,1,1,2000,5,1,1,MLPClassifier,-3.6381499360285985,-2.0444388735343595,1.0375955192418451,-0.05021564410231247,1.0
10,64,2,1,1,2000,6,0,0,MLPClassifier,-2.826839380180694,-1.1866044036147922,0.6117128546700701,-0.04884103920698024,1.0
10,64,2,1,1,2000,6,0,1,MLPClassifier,-17.412753975691526,-16.172222815644545,0.7986345457246936,-14.542907680826831,1.0
10,64,2,1,1,2000,7,0,0,MLPClassifier,-1.9740625437733916,-1.0236163605935173,0.5817558116665855,-0.030146879694823096,1.0
10,64,2,1,1,2000,7,0,1,MLPClassifier,-20.55084012610987,-19.538885399293783,0.6338813326408587,-18.219544635107226,1.0
10,64,2,1,1,2000,8,0,0,MLPClassifier,-2.3445623544295504,-1.0117543255622752,0.6063674394437188,-0.019618510980886406,1.0
10,64,2,1,1,2000,8,0,1,MLPClassifier,-15.965307249521768,-15.535826637013884,0.16972736179645143,-15.184077351519889,1.0
10,64,2,1,1,2000,9,1,0,MLPClassifier,-17.645534490603193,-17.085180681284886,0.3241309152467708,-16.59157488333761,1.0
10,64,2,1,1,2000,9,1,1,MLPClassifier,-2.808949749733403,-1.758905661825686,0.7291638108218242,-0.1340968216147162,1.0
10,16,2,1,1,2000,0,1,0,MLPClassifier,-2.01819360566795,-1.848664281477239,0.11634044796233298,-1.6125822348621974,1.0
10,16,2,1,1,2000,0,1,1,MLPClassifier,-0.37131495789340524,-0.20605306622752134,0.11188206200445105,-0.004441145772287491,1.0
10,16,2,1,1,2000,1,1,0,MLPClassifier,-3.058107197997721,-2.9442685948876353,0.097228024425916,-2.7020830424244804,1.0
10,16,2,1,1,2000,1,1,1,MLPClassifier,-0.29504663241852286,-0.16116490124246005,0.07467956601399917,-0.003238776016280198,1.0
10,16,2,1,1,2000,2,1,0,MLPClassifier,-2.786381983323645,-2.6116034218627204,0.1342662226053642,-2.296530677726368,1.0
10,16,2,1,1,2000,2,1,1,MLPClassifier,-0.3597813601953594,-0.217048173793799,0.09258343507017772,-0.00856818938046966,1.0
10,16,2,1,1,2000,3,1,0,MLPClassifier,-3.5852661647664483,-3.2877332626887017,0.22013193425271335,-2.7112193014472488,1.0
10,16,2,1,1,2000,3,1,1,MLPClassifier,-0.49798446001855495,-0.2437241851324656,0.14588002632575767,-0.0004643031460693503,1.0
10,16,2,1,1,2000,4,0,0,MLPClassifier,-0.45395344909868135,-0.24755138269558458,0.12508034482800426,-0.0031598755869501893,1.0
10,16,2,1,1,2000,4,0,1,MLPClassifier,-2.717208578763173,-2.48677351361743,0.1681813778432806,-2.1129420493676756,1.0
10,16,2,1,1,2000,5,1,0,MLPClassifier,-3.269797826127422,-2.9982146517148074,0.20588131426393738,-2.568850942305062,1.0
10,16,2,1,1,2000,5,1,1,MLPClassifier,-0.43887785458633455,-0.262948066844841,0.11575684479658331,-0.0007999544196063968,1.0
10,16,2,1,1,2000,6,1,0,MLPClassifier,-3.989341794947473,-3.886598372899689,0.07237637157977492,-3.7319546624181217,1.0
10,16,2,1,1,2000,6,1,1,MLPClassifier,-0.5256505833230569,-0.28185801242963643,0.15728985988682873,-0.010111864100331824,1.0
10,16,2,1,1,2000,7,1,0,MLPClassifier,-3.079786201443822,-2.8376499586901467,0.16165864703700636,-2.5566572611293346,1.0
10,16,2,1,1,2000,7,1,1,MLPClassifier,-0.42583143633210585,-0.27812206775105475,0.10248452231215227,-0.007697746488390167,1.0
10,16,2,1,1,2000,8,0,0,MLPClassifier,-0.352875570456633,-0.17088761466119995,0.10963702934728947,-0.0014930227572372834,1.0
10,16,2,1,1,2000,8,0,1,MLPClassifier,-1.900996396771346,-1.7603541604414372,0.11386097274549106,-1.509827526171957,1.0
10,16,2,1,1,2000,9,1,0,MLPClassifier,-3.007759591855527,-2.898575347896875,0.06447643049497609,-2.7143876579270247,1.0
10,16,2,1,1,2000,9,1,1,MLPClassifier,-0.3993360291555896,-0.24024579684665326,0.08751674419371482,-0.053301624390187374,1.0
10,32,2,1,0,2000,0,0,0,MLPClassifier,-0.975716493289735,-0.5992651118795823,0.27513492203139933,-0.01858331638577937,1.0
10,32,2,1,0,2000,0,0,1,MLPClassifier,-7.578553875356555,-7.428979906396499,0.11655382406119559,-7.105645811257492,1.0
10,32,2,1,0,2000,1,1,0,MLPClassifier,-10.256824321995829,-9.830263190965713,0.3144345205315347,-9.125441435085484,1.0
10,32,2,1,0,2000,1,1,1,MLPClassifier,-1.9133863638258508,-1.2325315814636577,0.4348629200466862,-0.015465779490033693,1.0
10,32,2,1,0,2000,2,0,0,MLPClassifier,-0.8901372275938052,-0.5229321667259385,0.2155190664484723,-0.06516275354833745,1.0
10,32,2,1,0,2000,2,0,1,MLPClassifier,-8.223649965991699,-8.0578109356193,0.13241039520862627,-7.742320052006701,1.0
10,32,2,1,0,2000,3,1,0,MLPClassifier,-8.206876888219947,-7.743514330580669,0.33591335957003093,-7.03724691813132,1.0
10,32,2,1,0,2000,3,1,1,MLPClassifier,-1.8419756174910449,-1.1199781551430994,0.4726404822669551,-0.05163577609704184,1.0
10,32,2,1,0,2000,4,0,0,MLPClassifier,-1.3683096591344273,-0.8024069648078103,0.3686645116728326,-0.0317322640794806,1.0
10,32,2,1,0,2000,4,0,1,MLPClassifier,-9.159688893120471,-8.63882265796039,0.3620472955060192,-7.989212551147144,1.0
10,32,2,1,0,2000,5,0,0,MLPClassifier,-1.2342249922806867,-0.6872933560384099,0.36449142135221846,-0.012897725460567111,1.0
10,32,2,1,0,2000,5,0,1,MLPClassifier,-8.873138921701804,-8.232346758162345,0.43105706436284896,-7.335498988118065,1.0
10,32,2,1,0,2000,6,0,0,MLPClassifier,-1.3316765096493661,-0.7407905991900503,0.3774346018803492,-0.008659125206628038,1.0
10,32,2,1,0,2000,6,0,1,MLPClassifier,-10.321297941017258,-10.049212178607645,0.20144540033798167,-9.710875359884952,1.0
10,32,2,1,0,2000,7,1,0,MLPClassifier,-6.064407674433769,-5.732894704606682,0.23734338159430998,-5.301347403377463,1.0
10,32,2,1,0,2000,7,1,1,MLPClassifier,-1.26433457611024,-0.7032514018794103,0.36075541435746106,-0.009072749549282833,1.0
10,32,2,1,0,2000,8,1,0,MLPClassifier,-6.273052642450052,-5.9588366612001264,0.22517022311072463,-5.503784379558586,1.0
10,32,2,1,0,2000,8,1,1,MLPClassifier,-1.0975053675389832,-0.5587878162507406,0.30514339639269716,-0.0068685076035157056,1.0
10,32,2,1,0,2000,9,1,0,MLPClassifier,-6.828113851544681,-6.610313060700391,0.16473698995434521,-6.26866111121122,1.0
10,32,2,1,0,2000,9,1,1,MLPClassifier,-1.2414712009699482,-0.7829262394322138,0.3040582433083576,-0.015770379605919982,1.0
10,16,2,1,0,2000,0,1,0,MLPClassifier,-4.348714580757764,-4.187313898353116,0.11212567888391582,-3.905614779778252,1.0
10,16,2,1,0,2000,0,1,1,MLPClassifier,-0.45076668676076537,-0.2526533309377328,0.11573884253439078,-0.014156751456651628,1.0
10,16,2,1,0,2000,1,1,0,MLPClassifier,-3.446854836305464,-3.213424051246593,0.1743535231180332,-2.747416882630178,1.0
10,16,2,1,0,2000,1,1,1,MLPClassifier,-0.41706345141409984,-0.22507504227149266,0.10758313405071754,-0.0004136987128586789,1.0
10,16,2,1,0,2000,2,0,0,MLPClassifier,-0.4775389291483154,-0.26287962222179023,0.13249769374842793,-0.003497255419906642,1.0
10,16,2,1,0,2000,2,0,1,MLPClassifier,-3.579043375260004,-3.4702453317921242,0.07005731262378584,-3.264018743664838,1.0
10,16,2,1,0,2000,3,1,0,MLPClassifier,-2.650461096952239,-2.3847020252940836,0.22178010711093607,-1.637474806761111,1.0
10,16,2,1,0,2000,3,1,1,MLPClassifier,-0.5005094925082473,-0.29997237525735976,0.13988584274944083,-0.01858678117739354,1.0
10,16,2,1,0,2000,4,1,0,MLPClassifier,-1.9991935759884587,-1.5075322501606576,0.3349474001353686,-0.8606720504165422,1.0
10,16,2,1,0,2000,4,1,1,MLPClassifier,-0.6500978264542407,-0.3672335801981274,0.17272782455598606,-0.024104082672744997,1.0
10,16,2,1,0,2000,5,0,0,MLPClassifier,-0.5458056997648151,-0.3184520065780825,0.14102103232295407,-0.016339160259191132,1.0
10,16,2,1,0,2000,5,0,1,MLPClassifier,-3.982672651070108,-3.8491688428538655,0.0996964078184779,-3.5979127608327435,1.0
10,16,2,1,0,2000,6,1,0,MLPClassifier,-3.698677774795692,-3.4005356193538745,0.19251598147838606,-3.0674899002893308,1.0
10,16,2,1,0,2000,6,1,1,MLPClassifier,-0.5493724239790331,-0.3036006335970053,0.1575910771395647,-0.01388196018173296,1.0
10,16,2,1,0,2000,7,0,0,MLPClassifier,-0.5121213371523244,-0.3098095729019867,0.14400018653637867,-0.0008988537721097423,1.0
10,16,2,1,0,2000,7,0,1,MLPClassifier,-2.7629566054926666,-2.571539127596276,0.1385625371457619,-2.2297190822225805,1.0
10,16,2,1,0,2000,8,0,0,MLPClassifier,-0.7021313240402333,-0.40090765944910944,0.17966868361156535,-0.0698104737641454,1.0
10,16,2,1,0,2000,8,0,1,MLPClassifier,-3.2303709742549263,-3.1135525808512807,0.08891560760100534,-2.917294507497707,1.0
10,16,2,1,0,2000,9,1,0,MLPClassifier,-3.4740478876641916,-3.2402970782179987,0.13613578957611847,-2.9429905530530185,1.0
10,16,2,1,0,2000,9,1,1,MLPClassifier,-0.36180146859896634,-0.230443831056887,0.08479536930682574,-0.011054911375272924,1.0
10,8,2,1,0,2000,0,1,0,MLPClassifier,-1.6601825846854084,-1.5905208765159211,0.04106333686453165,-1.5244858776744066,1.0
10,8,2,1,0,2000,0,1,1,MLPClassifier,-0.17366623364712327,-0.09882258145817195,0.050462832446008084,-0.007401280499888585,1.0
10,8,2,1,0,2000,1,1,0,MLPClassifier,-1.6945322085284165,-1.6145621560232457,0.043461039448913254,-1.5396397230885615,1.0
10,8,2,1,0,2000,1,1,1,MLPClassifier,-0.2136759940953708,-0.12327853579309206,0.0631809221007925,-0.001651805075089996,1.0
10,8,2,1,0,2000,2,1,0,MLPClassifier,-2.1010328262407603,-1.9982783598446126,0.0760464157051604,-1.8804898385797637,1.0
10,8,2,1,0,2000,2,1,1,MLPClassifier,-0.23057620686418828,-0.13358811267466902,0.060272199151616704,-0.0058295043140816905,1.0
10,8,2,1,0,2000,3,0,0,MLPClassifier,-0.1918892018763874,-0.11231689569139423,0.054026198039007094,-0.0022941444004431766,1.0
10,8,2,1,0,2000,3,0,1,MLPClassifier,-1.3867751989061794,-1.2729778969488792,0.06520270370182558,-1.1409404199267823,1.0
10,8,2,1,0,2000,4,0,0,MLPClassifier,-0.16960157891682945,-0.09878345014229455,0.04276463140628589,-0.003243699576157555,1.0
10,8,2,1,0,2000,4,0,1,MLPClassifier,-1.5046002054496876,-1.3709220702411602,0.07032693016625052,-1.2604608028002715,1.0
10,8,2,1,0,2000,5,1,0,MLPClassifier,-2.0003635365053047,-1.8672460279695988,0.0922815056612116,-1.5842390618345215,1.0
10,8,2,1,0,2000,5,1,1,MLPClassifier,-0.24998999552601053,-0.11868953332366808,0.07173228322273827,-0.004083793223268337,1.0
10,8,2,1,0,2000,6,0,0,MLPClassifier,-0.20314367207004533,-0.1260041229878138,0.05550783375350477,-0.013543931419734034,1.0
10,8,2,1,0,2000,6,0,1,MLPClassifier,-1.0461985494641919,-0.9387561489316235,0.06814315937499632,-0.8155192288145537,1.0
10,8,2,1,0,2000,7,1,0,MLPClassifier,-2.291608179010862,-2.190972799727677,0.060803751074874235,-2.0657708384481177,1.0
10,8,2,1,0,2000,7,1,1,MLPClassifier,-0.20051711465080674,-0.10047830907392047,0.05769239812953009,-0.0019054012581547486,1.0
10,8,2,1,0,2000,8,0,0,MLPClassifier,-0.17118830970890908,-0.08445140831404437,0.047729394711663035,-0.0025790217543619764,1.0
10,8,2,1,0,2000,8,0,1,MLPClassifier,-1.9416791596661271,-1.8517199666353912,0.055258995088173106,-1.7514904750312048,1.0
10,8,2,1,0,2000,9,1,0,MLPClassifier,-1.6733153108052188,-1.6031839279047966,0.04287333344065775,-1.5380144456978346,1.0
10,8,2,1,0,2000,9,1,1,MLPClassifier,-0.17704275165921507,-0.09517611691819397,0.04857401864866384,-0.005140224539429417,1.0
10,32,2,1,1,8000,0,1,0,MLPClassifier,-6.732604611126895,-6.1664925373776125,0.40243433744530194,-4.988324990721974,1.0
10,32,2,1,1,8000,0,1,1,MLPClassifier,-0.8686372908645038,-0.4056249116407632,0.22152530105322438,-0.0026553646427727173,1.0
10,32,2,1,1,8000,1,0,0,MLPClassifier,-0.8499004655447885,-0.4148039012623677,0.2400736445584576,-0.007839577910820239,1.0
10,32,2,1,1,8000,1,0,1,MLPClassifier,-5.452889561259601,-5.106457904801183,0.2559553050897521,-4.509327816499889,1.0
10,32,2,1,1,8000,2,0,0,MLPClassifier,-0.9491710285208198,-0.5343347603313865,0.2607044045572228,-0.0060159736615736925,1.0
10,32,2,1,1,8000,2,0,1,MLPClassifier,-7.047940468536047,-6.795553429054527,0.21195812291735594,-6.205347205312315,1.0
10,32,2,1,1,8000,3,0,0,MLPClassifier,-0.7105432347451873,-0.37374480193050597,0.19336953119518832,-0.008438222297055376,1.0
10,32,2,1,1,8000,3,0,1,MLPClassifier,-6.254048414031136,-6.0450027029575635,0.14304167418263133,-5.639432236927815,1.0
10,32,2,1,1,8000,4,1,0,MLPClassifier,-7.2290723001409285,-7.070326847268673,0.11872935671129677,-6.722681753664024,1.0
10,32,2,1,1,8000,4,1,1,MLPClassifier,-0.7536246462570055,-0.3859047602781071,0.207048827368995,-0.011883025422665838,1.0
10,32,2,1,1,8000,5,0,0,MLPClassifier,-0.9838895571126264,-0.5278518859152226,0.2888201193888335,-0.02398827137426829,1.0
10,32,2,1,1,8000,5,0,1,MLPClassifier,-5.790253937213872,-5.231482351716632,0.39459272097226394,-4.206886203601825,1.0
10,32,2,1,1,8000,6,1,0,MLPClassifier,-8.318052127907334,-8.09790532787894,0.1475954048979414,-7.77808857576578,1.0
10,32,2,1,1,8000,6,1,1,MLPClassifier,-0.7622769961692236,-0.4386066952521857,0.21765454314606375,-0.002234917307945894,1.0
10,32,2,1,1,8000,7,0,0,MLPClassifier,-0.8814580392481758,-0.4973341253299129,0.24585684083726528,-0.00020109183405070397,1.0
10,32,2,1,1,8000,7,0,1,MLPClassifier,-6.417271421087701,-6.154838612208407,0.16320069951463745,-5.508324225850124,1.0
10,32,2,1,1,8000,8,1,0,MLPClassifier,-4.130306824386051,-3.893298708873217,0.15025475675023364,-3.577728379403182,1.0
10,32,2,1,1,8000,8,1,1,MLPClassifier,-0.8846533083566712,-0.5034029962879233,0.2419723879726834,-0.0025851746882690207,1.0
10,32,2,1,1,8000,9,1,0,MLPClassifier,-3.146676581063466,-2.591076826631417,0.41823078696379534,-1.5041630439019618,1.0
10,32,2,1,1,8000,9,1,1,MLPClassifier,-0.6391721385762312,-0.36761456093477224,0.16695907770637347,-0.015003156356639513,1.0
10,4,2,1,1,8000,0,0,0,MLPClassifier,-0.02539155533675963,-0.013239984083918617,0.007158840030542953,-6.281109570460686e-06,1.0
10,4,2,1,1,8000,0,0,1,MLPClassifier,-1.6444069008784146,-1.6377659242668847,0.0035813066179032327,-1.63293541171469,1.0
10,4,2,1,1,8000,1,0,0,MLPClassifier,-0.040448756469611255,-0.02054648931953012,0.011310944227602282,-4.499000757557381e-05,1.0
10,4,2,1,1,8000,1,0,1,MLPClassifier,-0.34646678246251095,-0.3376071582634706,0.004578534773294442,-0.32944400836086873,1.0
10,4,2,1,1,8000,2,1,0,MLPClassifier,-0.697106001378947,-0.6773095113742506,0.011222456432703655,-0.6602421834240486,1.0
10,4,2,1,1,8000,2,1,1,MLPClassifier,-0.04818353835837241,-0.0254429800038946,0.014096780082572077,-0.00019239907760137953,1.0
10,4,2,1,1,8000,3,0,0,MLPClassifier,-0.05313890154185437,-0.024929801751122617,0.015649502151544144,-3.7345665986385224e-05,1.0
10,4,2,1,1,8000,3,0,1,MLPClassifier,-0.0799388976421471,-0.04667951655276748,0.02030544407533741,-0.01262032939686053,1.0
10,4,2,1,1,8000,4,0,0,MLPClassifier,-0.03081357787750579,-0.017265683561925527,0.008624843175599436,-2.6611562469414096e-05,1.0
10,4,2,1,1,8000,4,0,1,MLPClassifier,-1.650722328512834,-1.6378158321817522,0.007080124749255972,-1.6267244767825573,1.0
10,4,2,1,1,8000,5,1,0,MLPClassifier,-1.3670632127245657,-1.3520215206157642,0.009409956059994317,-1.3349783433811315,1.0
10,4,2,1,1,8000,5,1,1,MLPClassifier,-0.04399871846803719,-0.02269758256514888,0.011948774276662268,-0.001013364641532899,1.0
10,4,2,1,1,8000,6,0,0,MLPClassifier,-0.05474730009344972,-0.02735246225347835,0.016196644955754083,-7.428054802943729e-05,1.0
10,4,2,1,1,8000,6,0,1,MLPClassifier,-1.7547489331193318,-1.7423312723329496,0.007003130769266684,-1.7306119472836978,1.0
10,4,2,1,1,8000,7,0,0,MLPClassifier,-0.024515183237183488,-0.013597942876794038,0.006721502963955863,-7.596050563229984e-05,1.0
10,4,2,1,1,8000,7,0,1,MLPClassifier,-1.121940136603872,-1.1097808179545534,0.006844841513805932,-1.0979536561170489,1.0
10,4,2,1,1,8000,8,0,0,MLPClassifier,-0.03010696503994855,-0.0162389052651451,0.008050947277909013,-0.00013511569406947366,1.0
10,4,2,1,1,8000,8,0,1,MLPClassifier,-1.2853219774656401,-1.2739310348888966,0.0061050827450674725,-1.2529411787205675,1.0
10,4,2,1,1,8000,9,0,0,MLPClassifier,-0.027015507990484546,-0.01408438042605109,0.00774890315976713,-4.929368085271335e-05,1.0
10,4,2,1,1,8000,9,0,1,MLPClassifier,-1.4367068756715862,-1.4271069022987826,0.0051833426663873815,-1.4189733776876365,1.0
10,8,2,1,1,8000,0,1,0,MLPClassifier,-1.0997279416200385,-1.0514811067413712,0.030915189495551415,-0.9960106812773,1.0
10,8,2,1,1,8000,0,1,1,MLPClassifier,-0.11556424939244582,-0.06226888401189216,0.03333965155860968,-5.804879793580575e-05,1.0
10,8,2,1,1,8000,1,1,0,MLPClassifier,-1.2863426385477423,-1.2090259278329882,0.0363766813589985,-1.161609462057096,1.0
10,8,2,1,1,8000,1,1,1,MLPClassifier,-0.1642360492080631,-0.08736151694192201,0.044572171988871805,-0.0022544777384347903,1.0
10,8,2,1,1,8000,2,1,0,MLPClassifier,-0.770567917032578,-0.7088615323989632,0.03488352969492359,-0.65005510730943,1.0
10,8,2,1,1,8000,2,1,1,MLPClassifier,-0.07973595792679526,-0.04202831187971606,0.02192105104484806,-0.00023912019293248488,1.0
10,8,2,1,1,8000,3,1,0,MLPClassifier,-1.215663566781381,-1.1538089626527532,0.04141397360300989,-1.075131332032638,1.0
10,8,2,1,1,8000,3,1,1,MLPClassifier,-0.12962049179311255,-0.06725060911734335,0.03467250954647369,-0.0032985155943450195,1.0
10,8,2,1,1,8000,4,1,0,MLPClassifier,-0.8703032518219277,-0.8074032162506046,0.03821764263860473,-0.7395935745412178,1.0
10,8,2,1,1,8000,4,1,1,MLPClassifier,-0.059138301860766726,-0.03243722967047886,0.014070453249972768,-0.00010553623507880694,1.0
10,8,2,1,1,8000,5,0,0,MLPClassifier,-0.17819281542623155,-0.09652791154838933,0.05041969479667082,-0.005077586961216074,1.0
10,8,2,1,1,8000,5,0,1,MLPClassifier,-1.838727807167017,-1.7568573366917237,0.05877409791928329,-1.6457107374920121,1.0
10,8,2,1,1,8000,6,0,0,MLPClassifier,-0.08730041127655959,-0.04713868509788359,0.024692630653709597,-0.0014959225902527462,1.0
10,8,2,1,1,8000,6,0,1,MLPClassifier,-2.319304430919842,-2.2874991311525044,0.02304589763378578,-2.204124837461305,1.0
10,8,2,1,1,8000,7,1,0,MLPClassifier,-1.1219430682543852,-1.0799536622527361,0.0295973257805941,-1.0064415994610993,1.0
10,8,2,1,1,8000,7,1,1,MLPClassifier,-0.10782521603417149,-0.05933321442315199,0.030110371720316213,-0.0004911897168309309,1.0
10,8,2,1,1,8000,8,1,0,MLPClassifier,-1.279589159523201,-1.2220425972266107,0.03797506791475903,-1.1502121941619528,1.0
10,8,2,1,1,8000,8,1,1,MLPClassifier,-0.08707928453680604,-0.04731163694764201,0.023605926211724686,-0.0005065081739061839,1.0
10,8,2,1,1,8000,9,1,0,MLPClassifier,-1.0873719054640636,-1.035641713809972,0.03164177975417148,-0.9655905169811614,1.0
10,8,2,1,1,8000,9,1,1,MLPClassifier,-0.09276566231758565,-0.0470961867249029,0.02581555433035701,-0.00032493391052890175,1.0
10,64,2,1,0,8000,0,1,0,MLPClassifier,-11.489504694795798,-10.4543424798775,0.7632239644106094,-8.811096972417932,1.0
10,64,2,1,0,8000,0,1,1,MLPClassifier,-2.191985188196333,-1.050855659006987,0.5879424323240114,-0.01718508586400791,1.0
10,64,2,1,0,8000,1,0,0,MLPClassifier,-1.9831421222368497,-0.9716048265299747,0.5027149259051081,-0.04994962434230943,1.0
10,64,2,1,0,8000,1,0,1,MLPClassifier,-12.53844222216966,-11.778873146293368,0.6053974382450079,-10.427913292696962,1.0
10,64,2,1,0,8000,2,0,0,MLPClassifier,-2.475122445043989,-1.3501018164319454,0.6543920086677442,-0.02094704151972948,1.0
10,64,2,1,0,8000,2,0,1,MLPClassifier,-10.84869249151321,-9.245291518534762,1.0539927253570567,-6.434692034434073,1.0
10,64,2,1,0,8000,3,1,0,MLPClassifier,-11.73442053990062,-11.216764877657575,0.41957352068413095,-10.093368849726696,1.0
10,64,2,1,0,8000,3,1,1,MLPClassifier,-2.4259759278219613,-1.330889511069805,0.6462986074644955,-0.040858705626749536,1.0
10,64,2,1,0,8000,4,1,0,MLPClassifier,-18.36172196939877,-18.015638112503805,0.2862283532678853,-17.13039997524838,1.0
10,64,2,1,0,8000,4,1,1,MLPClassifier,-2.368347650617464,-1.3782928041483613,0.5937940079458007,-0.0032898779309318282,1.0
10,64,2,1,0,8000,5,0,0,MLPClassifier,-2.063039881141516,-1.2216206300500259,0.5556223237772384,-0.04623497383247921,1.0
10,64,2,1,0,8000,5,0,1,MLPClassifier,-12.303355221942441,-11.557818560935525,0.5348030654414208,-10.292120950311054,1.0
10,64,2,1,0,8000,6,1,0,MLPClassifier,-22.19904059794404,-21.598997271165132,0.39301723796339777,-20.431673194224487,1.0
10,64,2,1,0,8000,6,1,1,MLPClassifier,-3.066563217192833,-1.774765995280881,0.8260723700243277,-0.015525978223510428,1.0
10,64,2,1,0,8000,7,1,0,MLPClassifier,-8.679701053855705,-8.035910857803106,0.40218678090152865,-6.939637636362119,1.0
10,64,2,1,0,8000,7,1,1,MLPClassifier,-2.3213573962611824,-1.2854423713489942,0.6524112514391577,-0.020672155766654043,1.0
10,64,2,1,0,8000,8,1,0,MLPClassifier,-11.727010129194559,-11.12647924553575,0.5001858159623953,-9.536906731141784,1.0
10,64,2,1,0,8000,8,1,1,MLPClassifier,-2.491386139664788,-1.4264159325556063,0.6896764921194654,-0.007488190014507623,1.0
10,64,2,1,0,8000,9,0,0,MLPClassifier,-1.8212597747791752,-0.9496463109531073,0.520015360753998,-0.01822190608386487,1.0
10,64,2,1,0,8000,9,0,1,MLPClassifier,-11.589097913677287,-11.170265182138857,0.31331008873007127,-10.295377396628295,1.0
10,4,2,1,0,8000,0,0,0,MLPClassifier,-0.022617409004923525,-0.012324208750216736,0.0064394362619318805,-0.00016232146768269118,1.0
10,4,2,1,0,8000,0,0,1,MLPClassifier,-1.6312660541694828,-1.620309691913434,0.006064621055534446,-1.6119043381628375,1.0
10,4,2,1,0,8000,1,1,0,MLPClassifier,-1.5505330541591258,-1.5362728541671766,0.00950074492294106,-1.5175174502615363,1.0
10,4,2,1,0,8000,1,1,1,MLPClassifier,-0.02939768028009307,-0.015742100312231035,0.00829154873609488,-2.9977256302604616e-05,1.0
10,4,2,1,0,8000,2,1,0,MLPClassifier,-0.794174175420223,-0.7713872003278556,0.013184174668686969,-0.74914270679783,1.0
10,4,2,1,0,8000,2,1,1,MLPClassifier,-0.03412486810964954,-0.01837659013570388,0.009791215661063809,-0.0002135447120172329,1.0
10,4,2,1,0,8000,3,0,0,MLPClassifier,-0.02280414102767415,-0.012774457830077468,0.006535477773275201,-6.0198499831187746e-05,1.0
10,4,2,1,0,8000,3,0,1,MLPClassifier,-1.8584541182520575,-1.8467376129323854,0.006726922362407303,-1.8359853199121106,1.0
10,4,2,1,0,8000,4,1,0,MLPClassifier,-1.0821715463275696,-1.0605719264596258,0.013434089538305435,-1.032819118328141,1.0
10,4,2,1,0,8000,4,1,1,MLPClassifier,-0.03215763357229884,-0.016171043011852723,0.00914070483368288,-3.7572529830942614e-05,1.0
10,4,2,1,0,8000,5,0,0,MLPClassifier,-0.030489332454133353,-0.015681531731309973,0.008710561029888392,-9.186283934914385e-05,1.0
10,4,2,1,0,8000,5,0,1,MLPClassifier,-2.266156789615334,-2.2521156940413145,0.009805688591397514,-2.2328549081864835,1.0
10,4,2,1,0,8000,6,1,0,MLPClassifier,-0.15883839180688056,-0.13824096665219465,0.013081954435362584,-0.1104755514944595,1.0
10,4,2,1,0,8000,6,1,1,MLPClassifier,-0.02748128274405173,-0.015312889697390055,0.007602542360734073,-2.9452209864055945e-05,1.0
10,4,2,1,0,8000,7,0,0,MLPClassifier,-0.0188827240826695,-0.010347166369930976,0.00520927261342886,-4.964595105150238e-05,1.0
10,4,2,1,0,8000,7,0,1,MLPClassifier,-1.0240759965168484,-1.006795772081733,0.010551501032589443,-0.987182253768563,1.0
10,4,2,1,0,8000,8,1,0,MLPClassifier,-0.6554949474742275,-0.6398137428422163,0.009393462018895335,-0.621914730621397,1.0
10,4,2,1,0,8000,8,1,1,MLPClassifier,-0.0415884521239137,-0.021334305958394365,0.011566452442732106,-9.722706261361402e-05,1.0
10,4,2,1,0,8000,9,0,0,MLPClassifier,-0.06758963707092294,-0.03445469713645979,0.0184593993157587,-0.00014405589876087532,1.0
10,4,2,1,0,8000,9,0,1,MLPClassifier,-3.483543181974641,-3.469435019124891,0.008816830120762438,-3.4516329856385783,1.0
10,2,2,1,0,8000,0,1,0,MLPClassifier,-0.6281252518816614,-0.6260858255649809,0.0010794177536378974,-0.6243719185974893,1.0
10,2,2,1,0,8000,0,1,1,MLPClassifier,-0.013134303130636734,-0.006856546750105773,0.0037684293798454006,-1.8273822727010725e-05,1.0
10,2,2,1,0,8000,1,0,0,MLPClassifier,-0.020627646572611673,-0.010836666886942372,0.005711563045345391,-7.746591101909228e-05,1.0
10,2,2,1,0,8000,1,0,1,MLPClassifier,-2.3106840659709498,-2.303600534682332,0.004023671530883943,-2.297086334637761,1.0
10,2,2,1,0,8000,2,0,0,MLPClassifier,-0.013927373638049545,-0.007357329006528745,0.003959872191633726,-4.710370910920858e-05,1.0
10,2,2,1,0,8000,2,0,1,MLPClassifier,-1.1890646201521728,-1.1837403872138414,0.0028767739755005393,-1.1789134150523706,1.0
10,2,2,1,0,8000,3,1,0,MLPClassifier,-1.2989596259859741,-1.2970977077204422,0.001096902309374313,-1.2951733429305414,1.0
10,2,2,1,0,8000,3,1,1,MLPClassifier,-0.017149784312646243,-0.008833182711466043,0.004800501226843961,-2.353196135929103e-05,1.0
10,2,2,1,0,8000,4,0,0,MLPClassifier,-0.012247347623410393,-0.006082435224011623,0.003536178973313365,-3.0133114807817662e-06,1.0
10,2,2,1,0,8000,4,0,1,MLPClassifier,-0.5041172699629057,-0.5021844005307867,0.0009086118676343982,-0.5010896710702409,1.0
10,2,2,1,0,8000,5,0,0,MLPClassifier,-0.026120402394910796,-0.013374581703581214,0.007697632393085286,-3.838497946749564e-05,1.0
10,2,2,1,0,8000,5,0,1,MLPClassifier,-1.9505437156811158,-1.9388751635002308,0.006221392864757829,-1.9285353408969883,1.0
10,2,2,1,0,8000,6,1,0,MLPClassifier,-0.504870313212,-0.49302079182090625,0.00630196386924431,-0.482401463745564,1.0
10,2,2,1,0,8000,6,1,1,MLPClassifier,-0.02394183855537757,-0.012385539844953285,0.006829457237422798,-5.3934891643625527e-05,1.0
10,2,2,1,0,8000,7,1,0,MLPClassifier,-0.057427690927655206,-0.031567155268441845,0.014725876175542565,-0.006706713875055226,1.0
10,2,2,1,0,8000,7,1,1,MLPClassifier,-0.037347394896035335,-0.018596132174132682,0.011384294131235314,-2.1448966848081064e-05,1.0
10,2,2,1,0,8000,8,1,0,MLPClassifier,-1.0470487535936546,-1.0448260589272416,0.0013716974290206377,-1.041715232299284,1.0
10,2,2,1,0,8000,8,1,1,MLPClassifier,-0.0166274849259076,-0.008938343160686799,0.004878156086754402,-3.640829759277153e-05,1.0
10,2,2,1,0,8000,9,1,0,MLPClassifier,-0.030336640323654768,-0.017959624621324246,0.0066040288783204655,-0.008706217152985724,1.0
10,2,2,1,0,8000,9,1,1,MLPClassifier,-0.012016633368850206,-0.005930334022137937,0.003382295597702427,-3.618753899778393e-05,1.0
10,2,2,1,1,8000,0,1,0,MLPClassifier,-0.23229019502722148,-0.22412809028810143,0.0039762258635003475,-0.21912737169077845,1.0
10,2,2,1,1,8000,0,1,1,MLPClassifier,-0.015254996554649371,-0.007794484613654809,0.004413840010321914,-0.00010688026167238185,1.0
10,2,2,1,1,8000,1,0,0,MLPClassifier,-0.0501379427010987,-0.02633367147498582,0.014728931212825183,-0.00023937430008214022,1.0
10,2,2,1,1,8000,1,0,1,MLPClassifier,-2.8672791416709504,-2.8459899410268745,0.010713529656201443,-2.830657319704807,1.0
10,2,2,1,1,8000,2,0,0,MLPClassifier,-0.015087227204316506,-0.007641123775593289,0.004418640670232484,-3.424625563730466e-05,1.0
10,2,2,1,1,8000,2,0,1,MLPClassifier,-0.6065136131997284,-0.5905808327136345,0.00783785830224442,-0.5785061510316098,1.0
10,2,2,1,1,8000,3,0,0,MLPClassifier,-0.027102336702923616,-0.014176715901928517,0.0076761706929541415,-5.692903116472081e-06,1.0
10,2,2,1,1,8000,3,0,1,MLPClassifier,-1.971978114421108,-1.9653627571307106,0.0037570975690290583,-1.9590090273002634,1.0
10,2,2,1,1,8000,4,1,0,MLPClassifier,-0.18350391843475955,-0.1760476512509102,0.0038650885360812302,-0.1709530997597497,1.0
10,2,2,1,1,8000,4,1,1,MLPClassifier,-0.014935145535579692,-0.008084748717032101,0.0042589021002946105,-0.00012778694424508963,1.0
10,2,2,1,1,8000,5,1,0,MLPClassifier,-0.31579058839623575,-0.3055055142264748,0.005484458786041102,-0.2976533602569187,1.0
10,2,2,1,1,8000,5,1,1,MLPClassifier,-0.017139783883676207,-0.008612001734875384,0.004879013343876504,-4.208528250670973e-05,1.0
10,2,2,1,1,8000,6,1,0,MLPClassifier,-0.20958813698512058,-0.20203172021724022,0.003908990045058972,-0.1969666947882388,1.0
10,2,2,1,1,8000,6,1,1,MLPClassifier,-0.015090974513719161,-0.007612891575763852,0.004265196049715219,-0.00010119215046522356,1.0
10,2,2,1,1,8000,7,1,0,MLPClassifier,-0.17968593622685233,-0.17113672352630224,0.004571818211497552,-0.16495330416099407,1.0
10,2,2,1,1,8000,7,1,1,MLPClassifier,-0.015264857007117744,-0.007994060371624277,0.0042474223179973965,-1.5527125428294042e-05,1.0
10,2,2,1,1,8000,8,1,0,MLPClassifier,-0.2550303356968725,-0.24733214220714791,0.003889539211848936,-0.2421239345909294,1.0
10,2,2,1,1,8000,8,1,1,MLPClassifier,-0.01590126321256169,-0.008381078409508082,0.004583189984286956,-5.527099339319719e-06,1.0
10,2,2,1,1,8000,9,0,0,MLPClassifier,-0.07553718916688279,-0.03798639056207178,0.02247167188588135,-2.7067904878830262e-05,1.0
10,2,2,1,1,8000,9,0,1,MLPClassifier,-2.885851246394971,-2.8741979543744356,0.006905503107427272,-2.861450326071061,1.0
10,64,2,1,1,8000,0,0,0,MLPClassifier,-2.651757532084383,-1.40795137423516,0.7350038972629073,-0.04200963140660363,1.0
10,64,2,1,1,8000,0,0,1,MLPClassifier,-19.02486129868718,-18.698339083906607,0.2326419712343658,-18.09911257760718,1.0
10,64,2,1,1,8000,1,0,0,MLPClassifier,-2.081976003702277,-1.1827641400433684,0.5640719919793535,-0.008108860667831452,1.0
10,64,2,1,1,8000,1,0,1,MLPClassifier,-5.697621291327263,-4.257431961719328,1.0227106955181835,-1.7705525640879958,1.0
10,64,2,1,1,8000,2,0,0,MLPClassifier,-2.1330693579963445,-1.1981305385686363,0.5648727165522882,-0.014882547229428056,1.0
10,64,2,1,1,8000,2,0,1,MLPClassifier,-13.605016776692343,-12.827364936195377,0.5890771846248501,-11.317116016522343,1.0
10,64,2,1,1,8000,3,1,0,MLPClassifier,-14.211618885727114,-13.508924585578004,0.47619831240703386,-12.452982817213952,1.0
10,64,2,1,1,8000,3,1,1,MLPClassifier,-2.2794390600745262,-1.287895430106832,0.6381796489892869,-0.02516798124004871,1.0
10,64,2,1,1,8000,4,0,0,MLPClassifier,-2.6866832924551463,-1.603367483951471,0.7555628108642115,-0.00021427317016572273,1.0
10,64,2,1,1,8000,4,0,1,MLPClassifier,-13.336399425025261,-12.141723013089512,0.7384666385091389,-10.810048417400775,1.0
10,64,2,1,1,8000,5,1,0,MLPClassifier,-13.434287856576116,-12.747279865626751,0.5050294272439303,-11.391713062554706,1.0
10,64,2,1,1,8000,5,1,1,MLPClassifier,-3.2159530005923327,-1.8567845717366054,0.8747394835820126,-0.02430375181203015,1.0
10,64,2,1,1,8000,6,0,0,MLPClassifier,-1.9068032217188884,-1.1147718652408178,0.4691707299418647,-0.03454708076404156,1.0
10,64,2,1,1,8000,6,0,1,MLPClassifier,-13.463841172218554,-12.79035441059204,0.4934756673139864,-11.290372907725889,1.0
10,64,2,1,1,8000,7,0,0,MLPClassifier,-2.640555024795793,-1.4615998112898172,0.7972066297539092,-0.0020215580030567004,1.0
10,64,2,1,1,8000,7,0,1,MLPClassifier,-16.154616520812212,-15.587179253201812,0.4070765850190078,-14.404829795853319,1.0
10,64,2,1,1,8000,8,0,0,MLPClassifier,-1.699109759256262,-0.9422095906430654,0.41483495725883107,-0.024610015119625538,1.0
10,64,2,1,1,8000,8,0,1,MLPClassifier,-12.8250558984707,-12.047486628434022,0.4880209168729395,-10.860055616473556,1.0
10,64,2,1,1,8000,9,1,0,MLPClassifier,-16.12352493435233,-15.250566955586928,0.5533793884093782,-14.04063747442423,1.0
10,64,2,1,1,8000,9,1,1,MLPClassifier,-2.082586532323215,-1.1013019199830243,0.535818957680093,-0.009270648535442128,1.0
10,16,2,1,1,8000,0,1,0,MLPClassifier,-2.0151864107002178,-1.9238482135364883,0.08326393742239867,-1.6744693213262993,1.0
10,16,2,1,1,8000,0,1,1,MLPClassifier,-0.2059911774106461,-0.12576178648574834,0.056289596813414486,-0.003497167189438155,1.0
10,16,2,1,1,8000,1,1,0,MLPClassifier,-2.5547559130489432,-2.46531137510539,0.07350341880924349,-2.1552968086822157,1.0
10,16,2,1,1,8000,1,1,1,MLPClassifier,-0.20149376791542695,-0.1054592425613035,0.0545029895969922,-0.0017890728720271198,1.0
10,16,2,1,1,8000,2,1,0,MLPClassifier,-2.7405715114585805,-2.645984553581791,0.06142858037339836,-2.516576450017908,1.0
10,16,2,1,1,8000,2,1,1,MLPClassifier,-0.20677556526598073,-0.11442583413300751,0.061104590458926134,-0.0011097729019184377,1.0
10,16,2,1,1,8000,3,1,0,MLPClassifier,-3.1276097541620245,-3.0381724513156962,0.08308370009109806,-2.81052489010351,1.0
10,16,2,1,1,8000,3,1,1,MLPClassifier,-0.2474656573592608,-0.13214079412340252,0.06401337855300045,-0.000351155194076469,1.0
10,16,2,1,1,8000,4,0,0,MLPClassifier,-0.31559015611647445,-0.1753641271646672,0.08872298632964329,-0.0005558602688262582,1.0
10,16,2,1,1,8000,4,0,1,MLPClassifier,-1.9426665636356524,-1.7669392956674885,0.09743510043481979,-1.407327095351594,1.0
10,16,2,1,1,8000,5,1,0,MLPClassifier,-3.489064174474653,-3.3623119082557134,0.08192497114544516,-3.184512076619547,1.0
10,16,2,1,1,8000,5,1,1,MLPClassifier,-0.3108503091735375,-0.15930421326886154,0.09037413469407378,-0.0010116333481594922,1.0
10,16,2,1,1,8000,6,1,0,MLPClassifier,-3.955178104312967,-3.862358131224953,0.06707303846763962,-3.6822326380307158,1.0
10,16,2,1,1,8000,6,1,1,MLPClassifier,-0.201334755388767,-0.11178174037340716,0.05114510427515605,-0.003741790710239317,1.0
10,16,2,1,1,8000,7,1,0,MLPClassifier,-2.734916697653889,-2.5434732414955845,0.15567934309626547,-2.083373314597016,1.0
10,16,2,1,1,8000,7,1,1,MLPClassifier,-0.3438521275620526,-0.1753545867234486,0.10473429460750387,-0.0010551082219267816,1.0
10,16,2,1,1,8000,8,0,0,MLPClassifier,-0.2811178036843248,-0.16521745418223874,0.07337623515158921,-0.0005978394248613572,1.0
10,16,2,1,1,8000,8,0,1,MLPClassifier,-1.4599667982357865,-1.3061542663776797,0.0933254387594415,-1.0901655773605188,1.0
10,16,2,1,1,8000,9,1,0,MLPClassifier,-2.8724115896486024,-2.8003370121098046,0.0481812675596289,-2.649219072955388,1.0
10,16,2,1,1,8000,9,1,1,MLPClassifier,-0.25024591959239395,-0.12347536596113777,0.06831949855342122,-0.0008221595809403404,1.0
10,32,2,1,0,8000,0,0,0,MLPClassifier,-0.6451693306827073,-0.3488228389286809,0.18067601298570027,-0.0035219974292890477,1.0
10,32,2,1,0,8000,0,0,1,MLPClassifier,-8.17603895297729,-7.981288128594001,0.1159216379898994,-7.755243019451395,1.0
10,32,2,1,0,8000,1,1,0,MLPClassifier,-8.118503824511896,-8.032442388852743,0.060324906664656945,-7.824946843754249,1.0
10,32,2,1,0,8000,1,1,1,MLPClassifier,-0.7736634596541005,-0.39044841504535877,0.19251227698474985,-0.014579404670109763,1.0
10,32,2,1,0,8000,2,0,0,MLPClassifier,-0.996046247387848,-0.513789778082313,0.29440368743026285,-0.006455367825198066,1.0
10,32,2,1,0,8000,2,0,1,MLPClassifier,-7.4538515791391795,-7.325197859326458,0.08812298399299406,-7.065749541325847,1.0
10,32,2,1,0,8000,3,1,0,MLPClassifier,-9.28848887164651,-9.031475194750517,0.1695247592811679,-8.53600385971124,1.0
10,32,2,1,0,8000,3,1,1,MLPClassifier,-0.8349426230368728,-0.39082497564351937,0.21238377578964499,-0.01160194008837312,1.0
10,32,2,1,0,8000,4,0,0,MLPClassifier,-1.0160515766196543,-0.608649683625718,0.277924924950012,-0.0032772992997642802,1.0
10,32,2,1,0,8000,4,0,1,MLPClassifier,-8.52977043357349,-8.285599790316299,0.18901853416157302,-7.841089062138909,1.0
10,32,2,1,0,8000,5,0,0,MLPClassifier,-0.7295725878006936,-0.39041129531549534,0.19296731154236416,-0.010068205359965443,1.0
10,32,2,1,0,8000,5,0,1,MLPClassifier,-6.1272030039818395,-6.039660466602194,0.08909386153297401,-5.6460925411297325,1.0
10,32,2,1,0,8000,6,0,0,MLPClassifier,-0.5695952762540174,-0.3046212439602074,0.1513578595772365,-0.0007095957218123949,1.0
10,32,2,1,0,8000,6,0,1,MLPClassifier,-8.264563662485314,-8.167753518668752,0.06915963372489986,-7.995857234026445,1.0
10,32,2,1,0,8000,7,1,0,MLPClassifier,-5.477021784741099,-5.30723163980297,0.1281365673765355,-4.91729113950691,1.0
10,32,2,1,0,8000,7,1,1,MLPClassifier,-0.6238789920597282,-0.34494913295088436,0.16778947324944787,-0.0007330341263989126,1.0
10,32,2,1,0,8000,8,1,0,MLPClassifier,-4.041772306952392,-3.866039424311922,0.12830005216971502,-3.4482416815382257,1.0
10,32,2,1,0,8000,8,1,1,MLPClassifier,-0.6766591824192443,-0.3489673531340516,0.18035158661021403,-0.005790448169023021,1.0
10,32,2,1,0,8000,9,1,0,MLPClassifier,-7.163693557602525,-6.941870090770478,0.15799055205677306,-6.531665002843379,1.0
10,32,2,1,0,8000,9,1,1,MLPClassifier,-0.7264292373625546,-0.4020380504966162,0.1906115435155189,-0.0032070854783285974,1.0
10,16,2,1,0,8000,0,1,0,MLPClassifier,-3.8175321345770454,-3.7240352446178377,0.07034105996954582,-3.55435798575454,1.0
10,16,2,1,0,8000,0,1,1,MLPClassifier,-0.26413917476932763,-0.12690108079781212,0.07219593995629599,-0.0014590859871822515,1.0
10,16,2,1,0,8000,1,1,0,MLPClassifier,-2.253797813334602,-1.961467183733533,0.2021006654437193,-1.3859150987366742,1.0
10,16,2,1,0,8000,1,1,1,MLPClassifier,-0.4454640887612675,-0.24946670376408098,0.12758392422944323,-0.0038008501055468713,1.0
10,16,2,1,0,8000,2,0,0,MLPClassifier,-0.3449801147768051,-0.20168445825938355,0.08737066063204303,-0.004691319588770115,1.0
10,16,2,1,0,8000,2,0,1,MLPClassifier,-4.245865262615494,-4.077252441926504,0.11892588995996238,-3.7158086853570294,1.0
10,16,2,1,0,8000,3,1,0,MLPClassifier,-1.462357007558755,-1.2855123035642821,0.1506855998697759,-0.7873963499718979,1.0
10,16,2,1,0,8000,3,1,1,MLPClassifier,-0.36364386897750356,-0.19315213389949903,0.10063920531372157,-0.000536897629710098,1.0
10,16,2,1,0,8000,4,0,0,MLPClassifier,-0.5942429548299016,-0.2857752651378638,0.16829552455566335,-0.007026329360102945,1.0
10,16,2,1,0,8000,4,0,1,MLPClassifier,-0.8324942637181981,-0.533053309467971,0.18916660510359712,-0.10171460955227496,1.0
10,16,2,1,0,8000,5,0,0,MLPClassifier,-0.35511543985269334,-0.188515119135828,0.10883200996192581,-0.0014250730309930404,1.0
10,16,2,1,0,8000,5,0,1,MLPClassifier,-3.9507737266923435,-3.6837262283784344,0.18045243626795568,-3.2806356513063006,1.0
10,16,2,1,0,8000,6,1,0,MLPClassifier,-4.031888695177807,-3.686213229399641,0.2403497336440669,-3.15975276512266,1.0
10,16,2,1,0,8000,6,1,1,MLPClassifier,-0.5905443627398236,-0.3280198660670639,0.1627388211694953,-0.011591782560634645,1.0
10,16,2,1,0,8000,7,0,0,MLPClassifier,-0.2994309175404295,-0.15154436166253935,0.08259930290073324,-0.0035668543593034285,1.0
10,16,2,1,0,8000,7,0,1,MLPClassifier,-2.346722533259147,-2.200206100162061,0.08729460060991702,-1.9314058255978572,1.0
10,16,2,1,0,8000,8,0,0,MLPClassifier,-0.3070322859968727,-0.1606531601232472,0.08421317640830475,-0.0012679871437222268,1.0
10,16,2,1,0,8000,8,0,1,MLPClassifier,-3.3148627050469113,-3.1120300736505295,0.11980047507249833,-2.8384785575715146,1.0
10,16,2,1,0,8000,9,1,0,MLPClassifier,-2.5630212821580876,-2.4021477209866866,0.10090935023574409,-2.1822730501408265,1.0
10,16,2,1,0,8000,9,1,1,MLPClassifier,-0.30424058494774736,-0.18010969582526393,0.08259420397409005,-0.005466549031023865,1.0
10,8,2,1,0,8000,0,1,0,MLPClassifier,-1.5115216051344298,-1.4503949668533107,0.03987240811903146,-1.3856788656380332,1.0
10,8,2,1,0,8000,0,1,1,MLPClassifier,-0.0987105332674956,-0.05197803369527269,0.026054559410462502,-0.002012287151615666,1.0
10,8,2,1,0,8000,1,1,0,MLPClassifier,-1.8093892626039292,-1.731945977611419,0.04880644418281664,-1.5608987608747322,1.0
10,8,2,1,0,8000,1,1,1,MLPClassifier,-0.12403460217648643,-0.06456355650909361,0.03558042476460469,-0.0006737349474796872,1.0
10,8,2,1,0,8000,2,1,0,MLPClassifier,-1.7343138488184506,-1.648924156663413,0.06011213748810882,-1.5118999413161653,1.0
10,8,2,1,0,8000,2,1,1,MLPClassifier,-0.13291503429396812,-0.07302516988997292,0.03647504390357182,-0.0007676373366538591,1.0
10,8,2,1,0,8000,3,0,0,MLPClassifier,-0.1552002903112656,-0.0786729972421175,0.0418810313699218,-0.0013522918381742022,1.0
10,8,2,1,0,8000,3,0,1,MLPClassifier,-1.6587368290509659,-1.5441036437263131,0.06766268881046492,-1.4337507939356533,1.0
10,8,2,1,0,8000,4,0,0,MLPClassifier,-0.1254471407228174,-0.0619623639766331,0.036056145140245625,-0.0007915468784256419,1.0
10,8,2,1,0,8000,4,0,1,MLPClassifier,-1.4031569112943856,-1.3422282452351306,0.0427347153327097,-1.241661902523574,1.0
10,8,2,1,0,8000,5,1,0,MLPClassifier,-1.7540610010433668,-1.6465823859133144,0.06879779595740378,-1.5212530633496961,1.0
10,8,2,1,0,8000,5,1,1,MLPClassifier,-0.15080563871002664,-0.07590141477719375,0.04348667050263311,-0.0017866119016796134,1.0
10,8,2,1,0,8000,6,0,0,MLPClassifier,-0.15065439234749273,-0.08726398665294437,0.041410926872983304,-0.0007874776302248532,1.0
10,8,2,1,0,8000,6,0,1,MLPClassifier,-1.1372212141485756,-1.0139995521862293,0.08302128722617383,-0.8172259705404502,1.0
10,8,2,1,0,8000,7,1,0,MLPClassifier,-2.2509956987705046,-2.1530168952950355,0.06347838790682388,-2.031878986954193,1.0
10,8,2,1,0,8000,7,1,1,MLPClassifier,-0.1609171753222696,-0.0900536807512939,0.04070461374236308,-0.00457958977851769,1.0
10,8,2,1,0,8000,8,0,0,MLPClassifier,-0.10616359121915582,-0.057341779991271,0.028935199858110345,-0.00016077629261668225,1.0
10,8,2,1,0,8000,8,0,1,MLPClassifier,-1.8211112563898575,-1.7838729731167335,0.030295538645398204,-1.704568114321591,1.0
10,8,2,1,0,8000,9,1,0,MLPClassifier,-1.682402051842245,-1.612820769875132,0.03571443578081676,-1.545323096641885,1.0
10,8,2,1,0,8000,9,1,1,MLPClassifier,-0.10362481162252095,-0.05028674521209831,0.027463950594674876,-0.00018745942837083973,1.0
10,32,2,1,1,16000,0,1,0,MLPClassifier,-5.978402154702299,-5.75352171723036,0.17353985098010863,-5.147464705153019,1.0
10,32,2,1,1,16000,0,1,1,MLPClassifier,-0.7077793204570382,-0.38732947137713863,0.19506732580039685,-0.00919767388038295,1.0
10,32,2,1,1,16000,1,0,0,MLPClassifier,-0.6053300059859973,-0.2846436776013125,0.16097433794095511,-0.001845311222589352,1.0
10,32,2,1,1,16000,1,0,1,MLPClassifier,-5.287662169291184,-5.10469860192233,0.1459191705937599,-4.712825012547392,1.0
10,32,2,1,1,16000,2,0,0,MLPClassifier,-0.5597448091391689,-0.30845948047436145,0.14328032889388534,-0.0013392445204258863,1.0
10,32,2,1,1,16000,2,0,1,MLPClassifier,-5.654766295451241,-5.597503207782031,0.04831795101284594,-5.400230320008791,1.0
10,32,2,1,1,16000,3,0,0,MLPClassifier,-0.6457012980212996,-0.3447439225684798,0.18615487381499843,-0.0031410523862511752,1.0
10,32,2,1,1,16000,3,0,1,MLPClassifier,-6.991165243730353,-6.559853827262873,0.26610479245516605,-6.047514545125639,1.0
10,32,2,1,1,16000,4,1,0,MLPClassifier,-7.155825076245554,-7.066870285326461,0.06865493436341642,-6.832511344563708,1.0
10,32,2,1,1,16000,4,1,1,MLPClassifier,-0.8501526411093088,-0.47036173649125085,0.22525646759271808,-0.004723876806524974,1.0
10,32,2,1,1,16000,5,0,0,MLPClassifier,-0.5897378194228603,-0.30467631249746185,0.16007054976730903,-0.000196017361577705,1.0
10,32,2,1,1,16000,5,0,1,MLPClassifier,-4.1677243211806845,-3.7164529487965603,0.2745178756017613,-3.044955611282542,1.0
10,32,2,1,1,16000,6,1,0,MLPClassifier,-7.950771318390384,-7.798684119187019,0.12220249228583581,-7.401981962828957,1.0
10,32,2,1,1,16000,6,1,1,MLPClassifier,-0.7116869719478672,-0.3577907799973224,0.1976925898124048,-1.9974691308100034e-05,1.0
10,32,2,1,1,16000,7,0,0,MLPClassifier,-0.7867682699330767,-0.38531500048931905,0.2300471353348547,-0.0030369362556177393,1.0
10,32,2,1,1,16000,7,0,1,MLPClassifier,-5.341451983181719,-5.1518921842891165,0.12127426128269139,-4.780544877524459,1.0
10,32,2,1,1,16000,8,1,0,MLPClassifier,-6.203594313180803,-6.0251058761447895,0.14214311097483615,-5.57985995909648,1.0
10,32,2,1,1,16000,8,1,1,MLPClassifier,-0.8535516223240223,-0.4565260899905647,0.23587629866827345,-0.0009289001807203379,1.0
10,32,2,1,1,16000,9,1,0,MLPClassifier,-3.509710655495064,-2.944791246485428,0.38698629785857613,-2.1562885117144397,1.0
10,32,2,1,1,16000,9,1,1,MLPClassifier,-0.48694702930658773,-0.2817754667966692,0.11626161106476673,-0.002608750187375275,1.0
10,4,2,1,1,16000,0,0,0,MLPClassifier,-0.021302842770811736,-0.011715413883154493,0.005841733424667931,-1.001027086811046e-05,1.0
10,4,2,1,1,16000,0,0,1,MLPClassifier,-1.6490577244615299,-1.6442287469735886,0.0028051347879811594,-1.6374193294485606,1.0
10,4,2,1,1,16000,1,0,0,MLPClassifier,-0.03608534168068289,-0.01798796683031991,0.010444502341716625,-0.00011278889426580285,1.0
10,4,2,1,1,16000,1,0,1,MLPClassifier,-0.36267644842659646,-0.3491966046092461,0.006427873707083441,-0.3414026314480003,1.0
10,4,2,1,1,16000,2,1,0,MLPClassifier,-0.6332777712934999,-0.6083062276691183,0.012729349861975938,-0.583186645842457,1.0
10,4,2,1,1,16000,2,1,1,MLPClassifier,-0.04689306013904643,-0.024068377434239147,0.013325295056374193,-6.235198304582745e-05,1.0
10,4,2,1,1,16000,3,1,0,MLPClassifier,-0.07604081509727295,-0.040301930386209106,0.019235968740088347,-0.01290386174854563,1.0
10,4,2,1,1,16000,3,1,1,MLPClassifier,-0.029306274494493932,-0.014796647293859693,0.008588554150554584,-0.00010996590115019966,1.0
10,4,2,1,1,16000,4,0,0,MLPClassifier,-0.02944639469767559,-0.015119245582556977,0.008813198384062545,-2.6124494419521582e-05,1.0
10,4,2,1,1,16000,4,0,1,MLPClassifier,-1.7640853488534254,-1.7455598297204171,0.011048986901066113,-1.7289655884042159,1.0
10,4,2,1,1,16000,5,1,0,MLPClassifier,-1.3054179061270876,-1.2945665316461687,0.006751246176824973,-1.277929241901612,1.0
10,4,2,1,1,16000,5,1,1,MLPClassifier,-0.037557519962851296,-0.02028076553043837,0.010284415407874043,-0.0001165867545327437,1.0
10,4,2,1,1,16000,6,0,0,MLPClassifier,-0.04525366240453044,-0.02325031448122708,0.012774780088058544,-8.740535042184305e-05,1.0
10,4,2,1,1,16000,6,0,1,MLPClassifier,-1.9926029430579402,-1.9781354413006118,0.008022157585816286,-1.963117743265636,1.0
10,4,2,1,1,16000,7,0,0,MLPClassifier,-0.019846790821589713,-0.010610619848202099,0.005575012648115387,-4.577410108730362e-07,1.0
10,4,2,1,1,16000,7,0,1,MLPClassifier,-1.174756510339285,-1.1648531136916453,0.005887268129363103,-1.1541088680818883,1.0
10,4,2,1,1,16000,8,0,0,MLPClassifier,-0.026141189964748592,-0.013787616030517076,0.007313717941625897,-3.968302859957973e-05,1.0
10,4,2,1,1,16000,8,0,1,MLPClassifier,-1.4124783986252634,-1.4014365147567462,0.005718259554247938,-1.3923362311086722,1.0
10,4,2,1,1,16000,9,0,0,MLPClassifier,-0.024372983896246835,-0.012680567270344875,0.006834140586371165,-2.763906953084927e-05,1.0
10,4,2,1,1,16000,9,0,1,MLPClassifier,-1.472653108452734,-1.4564150148634831,0.009654972409801727,-1.4416878204339287,1.0
10,8,2,1,1,16000,0,1,0,MLPClassifier,-1.1009243682299261,-1.0474405303499636,0.03397130152059703,-0.9866965417485871,1.0
10,8,2,1,1,16000,0,1,1,MLPClassifier,-0.08286195761202571,-0.04531973482793848,0.022770047330131882,-0.00031194103478393576,1.0
10,8,2,1,1,16000,1,1,0,MLPClassifier,-1.2531490582794642,-1.1263476526053608,0.07006466532034843,-0.9877521937190445,1.0
10,8,2,1,1,16000,1,1,1,MLPClassifier,-0.12231159235345473,-0.07118674350830168,0.03356361103748992,-0.0012886774934655065,1.0
10,8,2,1,1,16000,2,1,0,MLPClassifier,-0.7463077753970814,-0.6770550831294497,0.04774224389521158,-0.5807629827863079,1.0
10,8,2,1,1,16000,2,1,1,MLPClassifier,-0.07968326574400811,-0.0406031630129868,0.021862581074482534,-0.00014910893226191546,1.0
10,8,2,1,1,16000,3,1,0,MLPClassifier,-1.2582540357759442,-1.1495756883661372,0.06639424149960167,-1.0008209672505515,1.0
10,8,2,1,1,16000,3,1,1,MLPClassifier,-0.10244119305247627,-0.054012394295345746,0.028067407383864436,-0.000586610410682864,1.0
10,8,2,1,1,16000,4,1,0,MLPClassifier,-0.8066133763445129,-0.7573782547348076,0.032398151971114404,-0.6891558753893287,1.0
10,8,2,1,1,16000,4,1,1,MLPClassifier,-0.06981006655275965,-0.03794309079421464,0.018230305770862435,-0.0013276177078991314,1.0
10,8,2,1,1,16000,5,0,0,MLPClassifier,-0.11767421542663813,-0.059139305010955656,0.030938748475156236,-0.0003281983122649379,1.0
10,8,2,1,1,16000,5,0,1,MLPClassifier,-1.6396415821990904,-1.5455035071766943,0.05468556274499776,-1.4383453373107993,1.0
10,8,2,1,1,16000,6,0,0,MLPClassifier,-0.0862248022603764,-0.047128862647341674,0.02389621940822147,-0.0008286074931552756,1.0
10,8,2,1,1,16000,6,0,1,MLPClassifier,-2.186960664911331,-2.1498062874605317,0.022355838132561288,-2.103007657290344,1.0
10,8,2,1,1,16000,7,1,0,MLPClassifier,-1.1550233879675744,-1.0939723576767926,0.03980277873353427,-1.0095553246897997,1.0
10,8,2,1,1,16000,7,1,1,MLPClassifier,-0.07517237352704458,-0.04040747062033736,0.021112019640715525,-0.00041392471929624364,1.0
10,8,2,1,1,16000,8,1,0,MLPClassifier,-1.1128065624909345,-1.079784998121629,0.024800715511053145,-1.0228620254261467,1.0
10,8,2,1,1,16000,8,1,1,MLPClassifier,-0.053660366045633054,-0.028116011627668566,0.01422741199583268,-0.001510431140187063,1.0
10,8,2,1,1,16000,9,1,0,MLPClassifier,-0.9108591764333495,-0.8643319240741882,0.032022393180885886,-0.7885056580657137,1.0
10,8,2,1,1,16000,9,1,1,MLPClassifier,-0.07553623567465019,-0.037151583119196495,0.021703825488134442,-0.00012573944469129739,1.0
10,64,2,1,0,16000,0,1,0,MLPClassifier,-7.447298952440211,-6.286288426783549,0.7877170867360214,-4.195265712332459,1.0
10,64,2,1,0,16000,0,1,1,MLPClassifier,-1.938499832746681,-1.0580488077944572,0.5382041980862732,-0.0016508307097555797,1.0
10,64,2,1,0,16000,1,0,0,MLPClassifier,-1.722921996723863,-0.949978565743287,0.4475906042397438,-0.005040701609747789,1.0
10,64,2,1,0,16000,1,0,1,MLPClassifier,-9.795317841645675,-9.354775446545563,0.25222976320026486,-8.780631785406623,1.0
10,64,2,1,0,16000,2,0,0,MLPClassifier,-2.1306006344880286,-1.1032343810612883,0.5709028655613227,-0.023369825764535612,1.0
10,64,2,1,0,16000,2,0,1,MLPClassifier,-9.97076924223001,-8.257202490527595,1.2904100086812613,-4.84246274945005,1.0
10,64,2,1,0,16000,3,1,0,MLPClassifier,-10.29594576753453,-9.464829976266783,0.4676552183667935,-8.76239716218623,1.0
10,64,2,1,0,16000,3,1,1,MLPClassifier,-1.8624606098293868,-0.8845640051929938,0.5295535329418588,-0.012156161637079943,1.0
10,64,2,1,0,16000,4,1,0,MLPClassifier,-18.142737103809687,-17.817399341848034,0.22805780982769133,-17.22033933263788,1.0
10,64,2,1,0,16000,4,1,1,MLPClassifier,-2.206836496784867,-1.2048920729008017,0.5791241450784679,-0.013412867717317756,1.0
10,64,2,1,0,16000,5,0,0,MLPClassifier,-1.7431122989826753,-0.9850223477994365,0.4425860735422972,-0.00477359411143663,1.0
10,64,2,1,0,16000,5,0,1,MLPClassifier,-9.244610843771929,-8.874230542073581,0.2875822422753513,-7.975746330427258,1.0
10,64,2,1,0,16000,6,1,0,MLPClassifier,-19.679129439902283,-19.052555395782043,0.48374695175518484,-17.881468432307628,1.0
10,64,2,1,0,16000,6,1,1,MLPClassifier,-1.88831829055133,-0.9700037356914651,0.5343915220832387,-0.01945689680390572,1.0
10,64,2,1,0,16000,7,1,0,MLPClassifier,-10.349323760508286,-9.586625501004576,0.5315863392709079,-8.433423910006363,1.0
10,64,2,1,0,16000,7,1,1,MLPClassifier,-1.6117002466142372,-0.9426535882314903,0.3903894220810827,-0.037224302055535397,1.0
10,64,2,1,0,16000,8,1,0,MLPClassifier,-10.973240642499466,-9.993229302552924,0.64533155705078,-8.304608199614472,1.0
10,64,2,1,0,16000,8,1,1,MLPClassifier,-1.490763734137285,-0.8063443796224464,0.4010138449531958,-0.0012675908975845473,1.0
10,64,2,1,0,16000,9,0,0,MLPClassifier,-2.0105523237222047,-1.1233284798555092,0.6102976073068727,-0.0024979274359067105,1.0
10,64,2,1,0,16000,9,0,1,MLPClassifier,-12.099256785262577,-10.57870087220149,0.8380720768100183,-8.74956960574406,1.0
10,4,2,1,0,16000,0,0,0,MLPClassifier,-0.018745264629030922,-0.009819487063300065,0.005054338033693582,-1.75341595989309e-05,1.0
10,4,2,1,0,16000,0,0,1,MLPClassifier,-1.6823294412778254,-1.6680858015446296,0.008198270704974631,-1.6538925072086392,1.0
10,4,2,1,0,16000,1,1,0,MLPClassifier,-1.215774526398173,-1.2064683194093968,0.006049259453944012,-1.1943503596913863,1.0
10,4,2,1,0,16000,1,1,1,MLPClassifier,-0.02688713295708456,-0.013594253870068535,0.007662420944618633,-7.417491702343959e-05,1.0
10,4,2,1,0,16000,2,1,0,MLPClassifier,-0.8484998394178148,-0.8280477984990381,0.012265728074789524,-0.8033571824625888,1.0
10,4,2,1,0,16000,2,1,1,MLPClassifier,-0.03596582434806489,-0.018915538776567053,0.010553013787809637,-1.2128820203183288e-05,1.0
10,4,2,1,0,16000,3,0,0,MLPClassifier,-0.024066997210017003,-0.013249270314175932,0.0064506156844357804,-1.338093898795023e-06,1.0
10,4,2,1,0,16000,3,0,1,MLPClassifier,-1.882490202973576,-1.8715688031925157,0.006336038406379562,-1.861553036511173,1.0
10,4,2,1,0,16000,4,1,0,MLPClassifier,-1.049830820833488,-1.0274965713676423,0.01336670482747366,-1.0016827085858204,1.0
10,4,2,1,0,16000,4,1,1,MLPClassifier,-0.02341584171799303,-0.0126756440069888,0.006216030055771012,-8.135154776489628e-07,1.0
10,4,2,1,0,16000,5,0,0,MLPClassifier,-0.02609241207824584,-0.013840304923911867,0.007511850007281713,-2.2052536270411593e-06,1.0
10,4,2,1,0,16000,5,0,1,MLPClassifier,-2.289236779105983,-2.2699056397891275,0.011570568464179908,-2.2476441445429822,1.0
10,4,2,1,0,16000,6,1,0,MLPClassifier,-0.12396271275957123,-0.10210965416381423,0.013284297229640422,-0.07797049356717045,1.0
10,4,2,1,0,16000,6,1,1,MLPClassifier,-0.024349911506164466,-0.013030934909990908,0.006932906404141078,-4.965718572713662e-05,1.0
10,4,2,1,0,16000,7,0,0,MLPClassifier,-0.019839736338479564,-0.01021024986673081,0.0056478628401943395,-4.5620173777738415e-05,1.0
10,4,2,1,0,16000,7,0,1,MLPClassifier,-1.0336598895244589,-1.0263227896565588,0.004661065102131492,-1.0166078320191594,1.0
10,4,2,1,0,16000,8,1,0,MLPClassifier,-0.5832025608672516,-0.5661393972204474,0.010379688074086622,-0.5475139595704657,1.0
10,4,2,1,0,16000,8,1,1,MLPClassifier,-0.03439626248120875,-0.017794192200936393,0.009724927816771938,-3.28276838694741e-05,1.0
10,4,2,1,0,16000,9,0,0,MLPClassifier,-0.05829021323622317,-0.030075481247634386,0.016612593848874684,-0.00016623558679196293,1.0
10,4,2,1,0,16000,9,0,1,MLPClassifier,-3.558345492795726,-3.545913992654458,0.007531004243366836,-3.5307243731069176,1.0
10,2,2,1,0,16000,0,1,0,MLPClassifier,-0.628245905108706,-0.6271882365360238,0.0005348020015594801,-0.6259242429104643,1.0
10,2,2,1,0,16000,0,1,1,MLPClassifier,-0.011498214941654317,-0.005912176083982352,0.003200247498365624,-1.6405516762740824e-05,1.0
10,2,2,1,0,16000,1,0,0,MLPClassifier,-0.020582028623703195,-0.010617135219987169,0.005953629098664524,-2.770921538608473e-05,1.0
10,2,2,1,0,16000,1,0,1,MLPClassifier,-2.305362445194831,-2.2994920079163763,0.003384806475084621,-2.2935267812877838,1.0
10,2,2,1,0,16000,2,0,0,MLPClassifier,-0.013130521156189623,-0.006889919976277905,0.0037201195569731287,-2.0946403144705972e-05,1.0
10,2,2,1,0,16000,2,0,1,MLPClassifier,-1.1862864240892161,-1.1799697603870718,0.003392152884490544,-1.1743496979693835,1.0
10,2,2,1,0,16000,3,1,0,MLPClassifier,-1.302996964553474,-1.3022707869992198,0.00036413440452253364,-1.3009600298661954,1.0
10,2,2,1,0,16000,3,1,1,MLPClassifier,-0.015579456540849135,-0.00824439593995171,0.004355948444310146,-1.7264789866855423e-05,1.0
10,2,2,1,0,16000,4,0,0,MLPClassifier,-0.010414725938333813,-0.005594747512020601,0.0029370636796234306,-1.2329582122383442e-05,1.0
10,2,2,1,0,16000,4,0,1,MLPClassifier,-0.49615715667365745,-0.49437305659074654,0.0008212661032138266,-0.4933036403734134,1.0
10,2,2,1,0,16000,5,0,0,MLPClassifier,-0.02620005034211964,-0.013367304097393316,0.007466895383429114,-1.0991361818576961e-05,1.0
10,2,2,1,0,16000,5,0,1,MLPClassifier,-1.9500734137752578,-1.9405287264031934,0.005374480386238251,-1.9316279566910224,1.0
10,2,2,1,0,16000,6,1,0,MLPClassifier,-0.49265290299177944,-0.48140877581420505,0.006049075555261831,-0.4728270606832745,1.0
10,2,2,1,0,16000,6,1,1,MLPClassifier,-0.020606987127254783,-0.010371356964863488,0.006109969409633993,-1.1883377226351577e-05,1.0
10,2,2,1,0,16000,7,1,0,MLPClassifier,-0.08361516421145238,-0.05870128161127718,0.01401557057526263,-0.03723753520366274,1.0
10,2,2,1,0,16000,7,1,1,MLPClassifier,-0.02253391667963356,-0.011928643062797194,0.006458536690456387,-6.80230542717819e-05,1.0
10,2,2,1,0,16000,8,1,0,MLPClassifier,-1.0558878403743075,-1.05467955907953,0.0005376858980298068,-1.0539686907809027,1.0
10,2,2,1,0,16000,8,1,1,MLPClassifier,-0.013759281019292413,-0.007151624594701244,0.003951598772405502,-1.5022745361470413e-05,1.0
10,2,2,1,0,16000,9,1,0,MLPClassifier,-0.02915169325244124,-0.01911751824647678,0.005267289768741988,-0.011475784596514299,1.0
10,2,2,1,0,16000,9,1,1,MLPClassifier,-0.010868590441591941,-0.005600828435000725,0.0029858900197620407,-1.3643108334043808e-05,1.0
10,2,2,1,1,16000,0,1,0,MLPClassifier,-0.2540632139302861,-0.2468368391853506,0.003716247113999586,-0.24182694893794854,1.0
10,2,2,1,1,16000,0,1,1,MLPClassifier,-0.013969207145728357,-0.007265398938742605,0.004104197016045563,-1.903049240770116e-05,1.0
10,2,2,1,1,16000,1,0,0,MLPClassifier,-0.04801332243012609,-0.02482800241268803,0.013848780814792664,-2.011808050772501e-05,1.0
10,2,2,1,1,16000,1,0,1,MLPClassifier,-2.8604654513604224,-2.82590875082461,0.02074565656242629,-2.790351142858418,1.0
10,2,2,1,1,16000,2,0,0,MLPClassifier,-0.0163227034087432,-0.008286356352043335,0.0045603451153953,-4.307768146083468e-05,1.0
10,2,2,1,1,16000,2,0,1,MLPClassifier,-0.6184218467114484,-0.6066664292324789,0.006593742735540092,-0.5949664421193395,1.0
10,2,2,1,1,16000,3,0,0,MLPClassifier,-0.026568034576336608,-0.013764739334928135,0.007487468806637852,-1.0969905512414613e-05,1.0
10,2,2,1,1,16000,3,0,1,MLPClassifier,-1.9786407611914958,-1.973770126380968,0.002889598481873986,-1.968531543952947,1.0
10,2,2,1,1,16000,4,1,0,MLPClassifier,-0.19610167452512545,-0.18928895378621502,0.0034418337103755124,-0.18462582380408832,1.0
10,2,2,1,1,16000,4,1,1,MLPClassifier,-0.01432357489066915,-0.007623755051300764,0.004045776471115987,-1.0543999622608657e-05,1.0
10,2,2,1,1,16000,5,1,0,MLPClassifier,-0.34856393610389536,-0.34138212649274413,0.003970575801770844,-0.335595675512679,1.0
10,2,2,1,1,16000,5,1,1,MLPClassifier,-0.01684136714653713,-0.00884958033207517,0.004732185696486788,-3.1251561456224763e-05,1.0
10,2,2,1,1,16000,6,1,0,MLPClassifier,-0.22542855880305163,-0.21654717190794742,0.004406216333378979,-0.21083018892131278,1.0
10,2,2,1,1,16000,6,1,1,MLPClassifier,-0.015081538691107066,-0.008017069827127086,0.004244114426773676,-7.337386321304429e-06,1.0
10,2,2,1,1,16000,7,1,0,MLPClassifier,-0.20468684288401295,-0.19589322680875235,0.004343256919884576,-0.19024687456788936,1.0
10,2,2,1,1,16000,7,1,1,MLPClassifier,-0.015038126845295707,-0.007882682660808786,0.0043147700148429185,-4.8946416159045825e-05,1.0
10,2,2,1,1,16000,8,1,0,MLPClassifier,-0.2698141630362848,-0.26168494271198556,0.004155744214715962,-0.2561927243571557,1.0
10,2,2,1,1,16000,8,1,1,MLPClassifier,-0.015266257494392477,-0.007779744472748904,0.004306842340979391,-9.437692616187654e-06,1.0
10,2,2,1,1,16000,9,0,0,MLPClassifier,-0.0713918248478076,-0.035850157775273284,0.020308581948407834,-0.00018811090826797994,1.0
10,2,2,1,1,16000,9,0,1,MLPClassifier,-2.902373854013482,-2.889829478444634,0.007087035719012477,-2.877448039650941,1.0
10,64,2,1,1,16000,0,0,0,MLPClassifier,-2.1166986186811716,-1.1854514672695808,0.6326407641152326,-0.006430083618585769,1.0
10,64,2,1,1,16000,0,0,1,MLPClassifier,-17.688168708816182,-17.451264147778776,0.17839197725846276,-16.939351332252883,1.0
10,64,2,1,1,16000,1,0,0,MLPClassifier,-1.6954038257066806,-0.8852026707730044,0.44164973230759696,-0.006044208018598007,1.0
10,64,2,1,1,16000,1,0,1,MLPClassifier,-11.996504505147241,-10.632827718656708,0.8654382153711904,-8.852946833580093,1.0
10,64,2,1,1,16000,2,0,0,MLPClassifier,-1.342803549110534,-0.7122380093117096,0.38261798416140635,-0.0011503619307009494,1.0
10,64,2,1,1,16000,2,0,1,MLPClassifier,-12.163155741106538,-11.886798013440576,0.19321887274384608,-11.425024605997102,1.0
10,64,2,1,1,16000,3,1,0,MLPClassifier,-16.475077976922485,-15.9952563565825,0.3604917846199538,-15.049811239709323,1.0
10,64,2,1,1,16000,3,1,1,MLPClassifier,-1.535575192901503,-0.8702722798484919,0.39456448204451416,-0.013009413608810583,1.0
10,64,2,1,1,16000,4,0,0,MLPClassifier,-2.0457566939438254,-1.0491082450843194,0.5981562994648162,-0.004977400272712984,1.0
10,64,2,1,1,16000,4,0,1,MLPClassifier,-15.549870599108933,-14.89953854442874,0.537874920008033,-13.46328818234032,1.0
10,64,2,1,1,16000,5,1,0,MLPClassifier,-12.020572879492924,-11.603513443670208,0.31808966753903284,-10.861168401333023,1.0
10,64,2,1,1,16000,5,1,1,MLPClassifier,-2.107386092280238,-1.1039740156864029,0.5934411520261368,-0.010315621227931615,1.0
10,64,2,1,1,16000,6,0,0,MLPClassifier,-1.6176860927262324,-0.8397654094923532,0.43314019824966715,-0.007012306593830786,1.0
10,64,2,1,1,16000,6,0,1,MLPClassifier,-11.315023622359698,-10.527011124062085,0.6941133141754818,-8.549596267272527,1.0
10,64,2,1,1,16000,7,0,0,MLPClassifier,-1.6038598992184552,-0.7599939245762709,0.4697316549103657,-0.0051515150438965485,1.0
10,64,2,1,1,16000,7,0,1,MLPClassifier,-13.278678348780966,-12.807605101468507,0.3082142938018969,-12.060956917890199,1.0
10,64,2,1,1,16000,8,0,0,MLPClassifier,-1.6058048848255333,-0.8563500982868882,0.41053567825572196,-0.015120612632145924,1.0
10,64,2,1,1,16000,8,0,1,MLPClassifier,-13.189066385060084,-12.832871389963797,0.25844286317012183,-11.832994301928592,1.0
10,64,2,1,1,16000,9,1,0,MLPClassifier,-13.947404317057378,-13.339855929639375,0.45423637028633873,-12.269812655617194,1.0
10,64,2,1,1,16000,9,1,1,MLPClassifier,-1.8376709329218255,-0.9027591343237757,0.4857835896226095,-0.0031055738336860372,1.0
10,16,2,1,1,16000,0,1,0,MLPClassifier,-1.7889779945587625,-1.6300575012520053,0.10863955351676224,-1.3607363336781086,1.0
10,16,2,1,1,16000,0,1,1,MLPClassifier,-0.15927212448999217,-0.07971656181844124,0.04581422397685538,-0.00029870413267030216,1.0
10,16,2,1,1,16000,1,1,0,MLPClassifier,-1.9545352266831912,-1.9247122883150363,0.02459596177379967,-1.8469556568723664,1.0
10,16,2,1,1,16000,1,1,1,MLPClassifier,-0.1536343915310048,-0.08214043152508609,0.042303563098623494,-0.0029427737003642207,1.0
10,16,2,1,1,16000,2,1,0,MLPClassifier,-2.3197166088352548,-2.2080406546735865,0.0994522781528688,-1.946320556823666,1.0
10,16,2,1,1,16000,2,1,1,MLPClassifier,-0.1846323920749378,-0.0957505647506657,0.057868489827587515,-3.127750177056576e-05,1.0
10,16,2,1,1,16000,3,1,0,MLPClassifier,-2.7330974354693187,-2.6612690263186223,0.055905342610084896,-2.4532196348125357,1.0
10,16,2,1,1,16000,3,1,1,MLPClassifier,-0.243885803416148,-0.11790522035393802,0.06859582384632161,-0.0002788119419832036,1.0
10,16,2,1,1,16000,4,0,0,MLPClassifier,-0.21993957669230252,-0.10819538451372246,0.06061662342240911,-0.00013310239362462895,1.0
10,16,2,1,1,16000,4,0,1,MLPClassifier,-1.7012673511945822,-1.5755782160178444,0.08883814202545816,-1.3676458574314434,1.0
10,16,2,1,1,16000,5,1,0,MLPClassifier,-2.9156592739860248,-2.761050399664334,0.1126932762688283,-2.4559479148075605,1.0
10,16,2,1,1,16000,5,1,1,MLPClassifier,-0.2146473455660378,-0.12437729130639347,0.05300499014328647,-0.0034794429489997114,1.0
10,16,2,1,1,16000,6,1,0,MLPClassifier,-3.557873595308568,-3.48226326351849,0.05651922833540922,-3.319967461107358,1.0
10,16,2,1,1,16000,6,1,1,MLPClassifier,-0.22423206718499408,-0.1256854704726265,0.0614932230020172,-0.0003569081600538482,1.0
10,16,2,1,1,16000,7,1,0,MLPClassifier,-2.4122413525574586,-2.2709460530474392,0.10506246806797113,-2.0265814965414957,1.0
10,16,2,1,1,16000,7,1,1,MLPClassifier,-0.2497585579986052,-0.13902572271738037,0.06717271953921643,-0.0019331235408968084,1.0
10,16,2,1,1,16000,8,0,0,MLPClassifier,-0.20242994429396483,-0.11157814620142169,0.05565867125659765,-6.182102013463364e-05,1.0
10,16,2,1,1,16000,8,0,1,MLPClassifier,-1.6651176710847995,-1.4678008798680537,0.1280573443813683,-1.1912985175521107,1.0
10,16,2,1,1,16000,9,1,0,MLPClassifier,-2.9822017917746666,-2.8890275426202354,0.07823541126549162,-2.6707503254127887,1.0
10,16,2,1,1,16000,9,1,1,MLPClassifier,-0.16316758590930056,-0.08678006488778987,0.04435559974274063,-0.0004931726640773348,1.0
10,32,2,1,0,16000,0,0,0,MLPClassifier,-0.6244599882208388,-0.2997768897585169,0.1805061817445354,-0.0014940953580828698,1.0
10,32,2,1,0,16000,0,0,1,MLPClassifier,-5.50567042220955,-5.391246092677165,0.08455887122409503,-5.1845735753770175,1.0
10,32,2,1,0,16000,1,1,0,MLPClassifier,-8.877554810786162,-8.464085998105752,0.3372347740981816,-7.630419061654423,1.0
10,32,2,1,0,16000,1,1,1,MLPClassifier,-1.0354229540289919,-0.5879187935552871,0.26926796554330407,-0.0019054357891343798,1.0
10,32,2,1,0,16000,2,0,0,MLPClassifier,-0.6386068856050698,-0.3384728226475793,0.1707763765295433,-0.001466605462751902,1.0
10,32,2,1,0,16000,2,0,1,MLPClassifier,-6.525369729717487,-6.407252426321809,0.09653943506178232,-6.1059573498850614,1.0
10,32,2,1,0,16000,3,1,0,MLPClassifier,-7.457508786229787,-7.210825117330187,0.18888872138379936,-6.599883149204848,1.0
10,32,2,1,0,16000,3,1,1,MLPClassifier,-1.0474559550961877,-0.6007785214882323,0.27737440722491924,-0.002261441127494823,1.0
10,32,2,1,0,16000,4,0,0,MLPClassifier,-0.47805626298024123,-0.2631764473362169,0.12844334342540092,-0.002623502208319861,1.0
10,32,2,1,0,16000,4,0,1,MLPClassifier,-7.015570561265327,-6.711420375239957,0.2361854791129237,-6.0311322358028985,1.0
10,32,2,1,0,16000,5,0,0,MLPClassifier,-0.6150050168299995,-0.3231343530216711,0.16896513240458966,-0.00023395822496441454,1.0
10,32,2,1,0,16000,5,0,1,MLPClassifier,-7.630863952904427,-7.107512149891318,0.3824215791502167,-6.215910144360691,1.0
10,32,2,1,0,16000,6,0,0,MLPClassifier,-0.5356540604062263,-0.252935545471771,0.142640778139386,-0.0036521959968733864,1.0
10,32,2,1,0,16000,6,0,1,MLPClassifier,-9.200163452506947,-9.039256385601245,0.12807551258506283,-8.69761893755722,1.0
10,32,2,1,0,16000,7,1,0,MLPClassifier,-4.205560528225888,-4.075569679815404,0.08028385067539268,-3.8451729586904655,1.0
10,32,2,1,0,16000,7,1,1,MLPClassifier,-0.6857146327129965,-0.3708417483652538,0.1892967415352725,-0.00256200615578428,1.0
10,32,2,1,0,16000,8,1,0,MLPClassifier,-4.951123838446727,-4.840864832623524,0.0803695370761303,-4.60534230036296,1.0
10,32,2,1,0,16000,8,1,1,MLPClassifier,-0.4467884063003336,-0.2291152575077301,0.11601112972871375,-0.0006914616378889682,1.0
10,32,2,1,0,16000,9,1,0,MLPClassifier,-7.041051895547524,-6.903869680992755,0.0997708533031127,-6.64446951965669,1.0
10,32,2,1,0,16000,9,1,1,MLPClassifier,-0.6266643550770706,-0.33645687834233184,0.16819290558390146,-0.008634000440318257,1.0
10,16,2,1,0,16000,0,1,0,MLPClassifier,-3.395314407254536,-3.304444910888391,0.07442268601520931,-3.0371202025647412,1.0
10,16,2,1,0,16000,0,1,1,MLPClassifier,-0.24742785936048992,-0.1392772400761775,0.06922446830308357,-0.0033362218027043755,1.0
10,16,2,1,0,16000,1,1,0,MLPClassifier,-2.2063814640917143,-2.0571296888786326,0.09612170104791166,-1.8325438068557744,1.0
10,16,2,1,0,16000,1,1,1,MLPClassifier,-0.29139972421279764,-0.160277893861084,0.08074703908283648,-3.745050258258109e-05,1.0
10,16,2,1,0,16000,2,0,0,MLPClassifier,-0.234940426147009,-0.13709709283765759,0.06611190945721797,-0.001267961215923652,1.0
10,16,2,1,0,16000,2,0,1,MLPClassifier,-2.8472070564447574,-2.725650698634969,0.0888865590842213,-2.5043290616783986,1.0
10,16,2,1,0,16000,3,1,0,MLPClassifier,-1.7006579470644836,-1.4858996887480793,0.16777413223891596,-0.9716028088986066,1.0
10,16,2,1,0,16000,3,1,1,MLPClassifier,-0.26857721226996695,-0.1534732437342098,0.0722500407904135,-0.0016100883248144626,1.0
10,16,2,1,0,16000,4,1,0,MLPClassifier,-1.544364410353275,-1.1133328837121232,0.30019030140032144,-0.5846283004757602,1.0
10,16,2,1,0,16000,4,1,1,MLPClassifier,-0.29053914652136315,-0.1540271919283211,0.07996132869962813,-0.001954749611071005,1.0
10,16,2,1,0,16000,5,0,0,MLPClassifier,-0.3120485557222067,-0.16090047056847262,0.08872114138894012,-0.0012877108578366325,1.0
10,16,2,1,0,16000,5,0,1,MLPClassifier,-2.5304377235218025,-2.4847274946419087,0.03421119132673735,-2.3491607209570518,1.0
10,16,2,1,0,16000,6,1,0,MLPClassifier,-3.0191130288939543,-2.7861344140989046,0.15790760344570381,-2.4515303374403192,1.0
10,16,2,1,0,16000,6,1,1,MLPClassifier,-0.3863080707787458,-0.2018480614919269,0.10880412392338623,-0.0015283275774431448,1.0
10,16,2,1,0,16000,7,0,0,MLPClassifier,-0.17505005749365368,-0.09530889055253987,0.0468712166809376,-0.001053860605070494,1.0
10,16,2,1,0,16000,7,0,1,MLPClassifier,-1.8822532608858433,-1.7114931384826988,0.11973831983019052,-1.427933061172988,1.0
10,16,2,1,0,16000,8,0,0,MLPClassifier,-0.2885559663883097,-0.1488083627585886,0.07809304410188046,-0.00021417468684425955,1.0
10,16,2,1,0,16000,8,0,1,MLPClassifier,-2.4297493927099585,-2.321177891318193,0.08482425245491372,-2.032102643839971,1.0
10,16,2,1,0,16000,9,1,0,MLPClassifier,-3.146638861489578,-3.0504277203756125,0.06468665832812866,-2.8743241371413486,1.0
10,16,2,1,0,16000,9,1,1,MLPClassifier,-0.1677219138827583,-0.08884224024882574,0.046386170869396025,-0.0004944611237041041,1.0
10,8,2,1,0,16000,0,1,0,MLPClassifier,-1.4269156055809982,-1.380979540291004,0.028808512467168493,-1.3081982081251733,1.0
10,8,2,1,0,16000,0,1,1,MLPClassifier,-0.08689357875815544,-0.04359426652726693,0.023534512956370005,-0.000789744294046768,1.0
10,8,2,1,0,16000,1,1,0,MLPClassifier,-1.649514183847227,-1.540187007802368,0.06022726341060557,-1.4169411788868977,1.0
10,8,2,1,0,16000,1,1,1,MLPClassifier,-0.116246204055248,-0.06288542076496183,0.03195981443485073,-0.00033258620211773504,1.0
10,8,2,1,0,16000,2,1,0,MLPClassifier,-1.4683739762228838,-1.3961470708816341,0.04254297349212246,-1.3038559915747205,1.0
10,8,2,1,0,16000,2,1,1,MLPClassifier,-0.10639391048395047,-0.05549438267178365,0.02989456077825534,-0.0005059607848814096,1.0
10,8,2,1,0,16000,3,0,0,MLPClassifier,-0.15608030501377976,-0.07650830923713844,0.04424225017670428,-0.0001810893468205954,1.0
10,8,2,1,0,16000,3,0,1,MLPClassifier,-1.3261282884694248,-1.2519042340698328,0.05506002649561574,-1.0774078014553157,1.0
10,8,2,1,0,16000,4,0,0,MLPClassifier,-0.0938901994994586,-0.04829511642925484,0.02672691607349956,-0.00043930495654276314,1.0
10,8,2,1,0,16000,4,0,1,MLPClassifier,-1.4086748779459475,-1.3579833065975344,0.03903430065177623,-1.2499776514593208,1.0
10,8,2,1,0,16000,5,1,0,MLPClassifier,-1.7449604695196885,-1.6565812384853984,0.0522192812014102,-1.5652216307694875,1.0
10,8,2,1,0,16000,5,1,1,MLPClassifier,-0.14167491776235852,-0.07916735242955356,0.03910348152287145,-0.00204325520644022,1.0
10,8,2,1,0,16000,6,0,0,MLPClassifier,-0.14530905339541014,-0.07595659655761929,0.041548055536043224,-0.00038214428545502166,1.0
10,8,2,1,0,16000,6,0,1,MLPClassifier,-1.1293552541043645,-0.979293899067316,0.08775393916569241,-0.8148727171816407,1.0
10,8,2,1,0,16000,7,1,0,MLPClassifier,-2.0818232892037454,-2.010728651436028,0.04760033149096669,-1.888932622773719,1.0
10,8,2,1,0,16000,7,1,1,MLPClassifier,-0.12460482220091121,-0.06257472378461992,0.035210816558592324,-0.00037471104888070483,1.0
10,8,2,1,0,16000,8,0,0,MLPClassifier,-0.10504443535168438,-0.057245645490016074,0.03012357931283871,-0.0004710566424355189,1.0
10,8,2,1,0,16000,8,0,1,MLPClassifier,-1.7348796211228934,-1.7096193873858285,0.017718033288318127,-1.6530807127083889,1.0
10,8,2,1,0,16000,9,1,0,MLPClassifier,-1.4732821026599718,-1.4205872910290906,0.034147763273695564,-1.359291479652137,1.0
10,8,2,1,0,16000,9,1,1,MLPClassifier,-0.0916350017286641,-0.05112362676890848,0.02533492565601098,-0.0002584843680777382,1.0
