feature_1,feature_2,feature_3,feature_4,feature_5,feature_6,feature_7,feature_8,outcome
1.4013157113046422,-2.217354336980617,1.8682238470337982,-0.4228276580484066,-0.2107685985180705,0.7104497522136426,0.992955340489196,0.20320940629399065,0
-0.03411672324071935,3.860055613360571,-0.9158248788349928,-0.3097175818844571,-1.8692480021543907,-1.764143523667125,0.02640026341610291,3.284256081257682,3
0.6405331084008768,-0.41460750852891115,2.85824710370518,0.8981384334752167,0.8541078793501575,0.6220134184545442,0.3758995805483608,-2.667416496116452,0
3.2033053512084138,-3.173496322022471,-1.3991398387355827,0.17098461240759044,-0.23086556635479294,-1.3369348967247552,0.7357278129275688,-1.3433341567441102,0
-1.3465491330461563,0.7880979939568677,3.6621454994602813,-3.275897720778232,0.7399601459264629,2.88798871217784,-0.8508183284391329,-3.248729081698346,0
1.6472514521986947,1.21957312339873,-2.6039217452547936,-0.10575755902634554,-0.21206915572242824,0.03326263569722321,-3.9627070107566342,-2.3668626068006398,3
-0.5740506085650882,0.06825935554065932,0.7402598283357809,-1.4039971760475174,2.11471078792845,-1.55773255756025,-0.4731893698336138,-2.7226444014499274,2
-0.3003146511078436,-0.7807067407265661,0.1762447241175461,-0.0883459712437672,0.24628256145058702,0.8049622844307622,1.3610762865319042,-5.028562877775454,0
1.772700278386286,-2.4703370508243245,-2.1498643182403727,-2.32735887099829,1.7651790817780943,0.566584341099899,-2.082121356406521,-6.3604064501832225,1
-2.326107167149683,0.1798206029399474,0.0005728841263643591,3.4584613625363043,3.4960018009784224,4.282087182049012,2.198575580715438,0.23986999058348624,1
2.9365953808554393,-0.1641879867126057,-0.6102795324135941,0.9502730399667028,-0.8441231657086627,-3.334662384139584,0.8687870320499906,0.5521170611014172,2
-0.6834104410577975,-2.1872176082874475,1.101729342754666,-1.0988963187325524,2.4777512288424903,-1.2481182938053847,3.933921083584863,0.09653313878912373,0
2.7842754197118333,0.3321514476156413,1.333166838427941,-2.393417720864036,-1.5012090564817253,4.127133298058434,0.39520722153610843,-5.011012936850077,0
1.9884607556392608,1.3835636910266103,-1.6223235235714863,0.7102298493752075,-1.9721438240571594,-1.7690899378428089,-0.336326778124007,1.139471837599114,3
-0.9088265408376156,-3.1055337624170383,0.8866097776252724,3.2722327445279897,0.33426970820792734,-2.1229199905161797,0.9160280030244001,2.0647248197840202,1
-0.5362050197573052,-5.4297535104326276,-2.160360345325313,-0.1886677353356816,0.036742518913780664,-2.588488656605849,-3.8663761412442397,-5.016222988744812,1
2.980845934057302,-1.4184947040310647,1.4430821445727469,1.8814795544368623,-1.6464514434393207,0.18423231011081598,1.188781844743347,1.865288261549463,0
-3.162919305101845,2.328213245427422,0.4866959885148695,1.3299265322216032,-1.5763665850481314,6.572830315273976,-2.4526027418889633,-0.30839529531887144,2
0.11981274397718167,-1.7665670852749404,1.7490814259791707,-2.8943498294672345,-1.1682871900319076,2.186263053350109,1.5369826281665806,-5.432065772324094,0
-1.9846256632537171,0.8547295052078997,-3.2824505564945268,2.7085880087087704,0.21458078164314232,-3.94744587113739,-0.6351169963279419,-0.5596306831751059,3
2.4720242764672378,0.31804750943819105,-0.5504576756405526,2.271444313875463,0.3218437751627494,-2.5113615263139266,-0.697056126902895,2.283843088602476,3
1.6542698617351113,2.7182989340070662,-2.026514431737496,-1.0600343023863092,-0.14792028839111848,-2.4928321882587445,-2.461346756557364,-2.3629603605443257,3
0.6084860177886655,-1.7542079617616193,-0.17399637516177535,3.5591534216241674,-1.9268363535242308,0.30137409155430395,1.1138009284377337,1.759636092543426,3
2.80845818970443,-1.5382454317209997,1.9296246048264707,-0.9976788677247951,3.9431980479170012,0.41067694107937225,-0.3600399201542688,-0.4572907451776661,0
-2.5995260964698197,0.8952397038030216,2.887655243457,-4.644842379106143,1.6473351151420237,-0.6671610269147084,2.4175302996870545,-0.7088114394911408,2
-3.108924945735737,1.5640749846317759,-2.8938953684916937,2.0034377675999435,0.9610550053288084,1.1447919973894352,-0.9871996475307437,-0.5288747346705709,2
-0.7725760350174153,-0.28763668730233216,5.07704919478032,0.18663803079917818,0.9694361363375144,4.010669986123383,-1.4962037892895628,-1.360551591591601,2
-0.32317038661095865,1.9534491392323723,0.19016767978094495,-3.2122163587339285,-1.4898210204451598,-1.2863751303749624,0.6969939897280566,-0.3778214961122561,1
-0.43239583540070725,-0.27903433105510744,0.6074289438022263,-1.017685039580619,0.01072116942430723,-2.2413334253867934,0.5832455102247497,-0.2736987881320909,1
-1.0513607328361911,-0.4359254626606033,-0.5214312414210588,2.333709952415651,-1.2190198598791233,2.5040794769596784,1.8739675419845425,1.1168878913650397,1
-0.062173489637288304,2.0724580411902984,0.6836727658060044,1.3359930251733494,0.8315290835093623,-0.5776610911787516,0.5390109179227951,-0.11070287748979346,2
-1.3941654230055605,1.160617496601654,1.8853044906046046,1.6418218195639573,0.32118882086074163,0.40524415468978203,-0.69865240146156,-0.48451740953602573,2
-0.21441549010955308,0.7892002861510947,1.227488683884971,-0.8789408553197138,-2.65915393665561,-0.8235641481540436,1.3479739927798062,0.22202219627107134,1
2.450217107482719,-1.8835198634185164,0.9727732772257385,-1.4025337532315771,1.344732373897113,3.2684537285357815,2.7320975948724087,-4.190884100576229,0
-0.5201280036204359,-0.5042727985093167,-4.385767628018116,0.2131228469961206,-0.5235948885090587,3.4479494474530243,1.1183855185256473,-1.9875519850748695,1
0.6924577216845405,0.5358654773324381,2.095580104511661,-5.993094358882649,1.023499323486666,0.9088244328107628,-1.1818136411276896,-5.321755733074135,0
2.132554756363131,-1.293859350654892,0.16993505751577476,3.39358456843971,2.0364166751748574,-0.45209970028795077,-4.505844576333958,-3.2385276667062532,2
1.5909971816835764,-3.2435095205096593,0.07789712990120412,0.708041916642556,-3.03747796166607,1.6556677707329626,3.961170655806498,-2.9233038333338155,2
1.3353177543772985,0.7735891203975629,1.3878938365262925,-2.5813110651446785,-0.5123022824466302,-0.48440125718672644,-0.4825848741797838,0.28562873349630813,0
0.7976936190700354,-2.609274674927588,2.336283300458497,-1.4479695088457833,0.4909072190846846,1.178573493590258,1.636470447806058,-3.1655500252289333,0
-1.4687911540909284,-0.32112672010449106,0.5857374373532936,-0.08780782839172241,1.4674924435593728,3.892205098792551,3.3568758830435925,-0.8417911318570019,0
0.9350933278057527,-1.210300895531538,-0.5103083486926704,2.4305432711636343,0.8025730458917171,2.1903941811813827,-2.4489444058395806,2.3164184527697502,3
0.010205914592121168,0.46111273024389976,-0.22106396766910297,1.016224512000834,2.439487933528005,3.975291881616727,0.009960945277674771,-1.1858946954267966,1
1.2581044395003538,1.1531604555631412,-1.2326187679013696,0.8412057495649818,0.1265323172918058,-0.5302482080944877,-1.9892909784989046,-0.8011543180826579,3
0.5896431195335681,-2.615144093136155,2.6590761904312075,1.4448013178397736,3.3976408680071435,2.306594591649942,-0.17377708035983952,1.5235250222298786,0
-1.4822578205351045,3.1130012958949154,3.1052527514544117,-4.201373862663363,-1.3013511824080997,3.438382760411499,-0.042855329021645794,0.8169898207178019,2
-2.3506613719034166,1.8430000386998358,1.2214046483040257,2.876388300412304,0.21524544242182952,-1.8193085446275763,-1.3035181684145993,1.2532324251457791,3
1.1394408573531027,1.143390053178347,-0.5074498433769422,3.885566685318979,-0.4432752795878281,-2.1507193577349315,-0.06533408428209653,-0.293390408374383,3
-0.11979805691170164,-0.8802088619072531,0.4034036931808014,-1.0903178904186162,-1.1201901051739966,0.9954204904179746,-0.2246831999796517,-1.1423729024062617,0
1.847856780498572,1.5912468897013574,-0.9051542880680704,-0.45043166739823937,-1.5080511453913457,-2.0661926656679768,1.2372556071639211,1.2496435041152325,3
-0.8947281041328933,0.888512875605654,-0.4823011634600711,2.3316442646354707,-1.814130716762115,1.8996359944058838,0.022382544152461437,3.7140754458647836,1
0.15939074503685702,2.0830332872131305,-0.7794809043087911,1.6940942926436802,-1.1822264890888126,-0.8072624869690148,-1.0336363181176351,-3.0426407651644336,2
-0.9868771678158179,-2.7312168659846767,3.18067782707787,3.326930629113598,-0.5380106964507506,-0.770296142353411,1.9433840426202549,3.311606339793013,1
0.8674903837429335,-0.5745987918470195,-0.41583980614253735,0.3866073237794845,0.2946420451965144,1.931109692137143,-1.1953093618962958,-1.7773636918770408,1
1.5411909573271223,0.7954648801234822,-1.4253549897807325,0.23568924731415242,-1.5995168380590656,-0.8139503387129046,3.4241186829298957,1.2130952029728412,2
-3.293936759731928,0.5382541258633708,-2.7963520399962887,1.3947768129256295,3.5841083675775294,1.6076328135733822,-4.41971381579163,-2.0076124413848313,1
2.9560880139670442,1.8320581671109393,0.1573111064039998,-0.39004602161643653,3.123725225415358,-2.7973635584588026,-0.6966428575791904,1.78732427612288,3
0.4319615874315176,5.428647042939333,-1.5780973813264687,4.6776658000894695,1.6223705507377486,-2.219493603151961,-1.586308307308252,-2.9741860722122135,3
2.3186768204291437,-0.4380765791271114,0.1726295220772618,-2.287150645375053,-0.8551628763401267,0.18589386317985002,0.37638904756504243,-1.743545947827807,0
0.8631720542672714,2.026863241354228,-3.2367920221430424,0.23542606491823836,3.0747476858833704,2.530840523631678,-1.8429289970021918,-2.1311775867805007,3
3.427239470022437,-2.658421921117532,-0.576355320844202,0.9679099490273113,-0.24728083689819058,-0.8276602164597919,2.555322080581231,-0.4365348634287375,0
-0.6487096139914963,3.782372993726161,-0.553626778269355,1.2780521597152732,0.21437027076748216,-0.6702321761634014,-0.42581213547287655,-2.017852031163893,3
1.8441726615229475,-1.004029185137984,-0.9924876595916314,-0.02755562564038394,0.07287651462191536,3.212563650134203,4.525403506615429,-1.583078705834767,1
0.6447569005920484,0.39565015201335796,0.16369130790436148,-1.8542840547902606,0.3640323924269726,-0.12255898163714363,-2.705626269509218,0.6109618298812842,1
3.484177453110299,1.7752873036754977,-1.4732819954346743,4.638935415268859,2.5859934946960133,1.5152573241766496,-1.008152934003759,-1.9425967948465337,3
2.6825451426757203,-1.1900697337138064,-1.5504389753450827,-2.796332802199731,0.9110175615712782,0.6023311993183513,1.820945611857042,-3.631036735704583,0
-0.6687828412290083,-4.118491058241105,-0.7336865200794435,-0.4402863671137327,-2.174270437835923,-1.6734895599473862,-3.281627121067178,-0.2515404007853509,1
2.2028822089737163,1.1642989723332424,0.977008136581881,-0.29699211168778894,-0.547484376470722,-0.7497652970689392,1.9541473376450558,-1.6010771070600622,2
-0.32376882479541225,1.6408694508071204,2.027148700211658,-2.236840443229595,1.3297125086594654,1.1437873331015316,0.7162023144865834,0.07174402416798564,0
-2.4273845778422682,-1.1943810045978045,-1.4589462403779851,3.0798358042984693,3.2530857995182334,-1.1185684783735206,-0.4610699954037534,-1.2368004992411055,1
2.372152780829243,0.039439091745849475,2.1770599677723594,0.46900267056312583,0.31023554625138916,2.3786079794446033,-0.2679181795746831,-1.6528385062785533,3
-2.4514372853003756,-4.018666717953414,-0.47759271942895,4.215265389737576,1.4074026893811702,-1.2641873439795783,-0.680227787838463,0.07910060699299226,1
-1.5322094837123266,-1.3908917821811988,-1.234692259449748,4.503170032695446,2.8725968461604854,2.231487307240827,2.2646507496334687,0.8476931666051535,1
2.2973042859823307,-0.22997799869483826,-1.1674573009198799,-2.0162570099699253,1.9589194356468282,5.091596929723543,-0.12214603658931145,-0.9490769691309073,3
0.1744150911790272,-0.5166270429076886,-1.1567298565403168,2.7471500271709646,-7.493623270897657,1.8733656284053106,-0.7355065571180004,-3.156335185446536,1
-1.6363459913314182,-0.6800031433201251,-0.9052213972037109,0.5174738956706166,-0.6956052069524201,-2.845073140704592,2.397740928488492,0.5211742490697762,1
-0.49275633573173727,0.1303001048100254,0.7499355446730827,2.349596471347744,-0.44636156591304976,-0.4059965131629504,-0.5338710294549311,2.8666665728295495,3
-0.7354971023166263,-0.8451676745182793,1.6975574506883828,0.48733111666956497,-1.2975339605011007,0.043464489542442086,-0.09717405769670973,-0.6804473436520664,1
1.807794721296828,-0.4626252766479374,-0.5820201629781456,-2.3373523538817103,-0.22984659732413137,-1.004540398243063,1.031943663448496,-3.2627863693791923,0
1.4153652425006897,2.0193980715116133,1.311127419201211,1.7296815807536814,-0.256687681979173,1.0389202898904748,0.17540830329150214,-1.0802575265841785,3
0.6188315755808251,-0.43380027000356525,-0.11483758047082548,0.15312722096381326,1.1489865695961945,-0.6493116431479107,0.34310329675633655,0.1437570537997006,0
-0.9989812107893316,-3.1574004970665066,-1.090209801873313,1.4843632420125288,1.1098438818597551,-0.6648863440434643,-1.7513785689107975,-1.6398574238552381,1
2.014460915748713,-3.626834376968614,0.495940193823175,-3.4897413455112303,-3.338852558721395,3.7444164943414164,1.7728421671392554,-2.573902023357186,0
4.189843631736202,-0.6068447140915221,1.2947992253845193,-1.5266677789805443,-2.505156154966746,-0.7112906777907229,-2.217255785752537,-0.34623405573637844,2
-0.1037809169308419,1.880639844544181,0.31317199153964814,-1.656384705131456,-0.3049368105906983,1.2114155685122507,-0.31615647341864483,2.4283959158136796,2
3.0493010828864513,0.46527730721883553,-2.4511440998545844,0.8263054860462536,-0.07238970977451242,-1.360742679019805,-2.940748172960591,-1.5280581888488403,3
0.10495167323874566,0.9109666231762578,2.5970008281857835,-4.079747626150492,-0.19008135010158567,0.3995986620968741,0.8349442176777496,1.3507136073461514,2
4.972978190722678,4.49440997526436,-4.089370148756274,-4.406760350885915,-0.1644672765897326,-2.4846300632844023,-1.3040786083432512,-1.6934651329980879,3
1.1414652615326824,-1.0821560278880278,0.09599813949091773,0.7519983596819824,0.6774845224316757,-0.061011061992175986,2.457363805737404,-3.9760117311462477,0
-0.37551266601763045,0.25026362901087174,-0.7961968512176996,-0.7225429399458445,1.42614828185935,0.651936878000597,-2.9567779683701123,-0.6562938513819174,3
1.6778230165348689,1.9300375333349162,-1.254592052607281,2.128802735172851,-1.5665021215165829,-1.1750713444191412,1.4877721283213536,0.18727759589091075,2
-1.5564720111131178,-3.9346289950954136,1.077408629901087,3.1483882350168417,2.3032481321685596,-3.426171371576864,1.522608144957819,1.689270876713793,1
1.396385285853402,0.6792810923627889,0.2406363720487965,0.057551028237643465,-2.002831689065621,-1.1688113296236486,0.5273541934833659,0.9438989092981935,2
0.733504807617684,0.9482746017849139,-0.6706479806139407,0.7376902462264171,-0.6641987297748692,-0.3274480328419178,-0.02197044314260599,0.7999368130070451,3
-0.4541878200767058,2.546076183684696,-1.4127951594101762,-0.6127327665657794,1.7237541746221787,-1.4364723030629332,-2.0365636330084715,-0.8822887239941211,2
-0.801804714785483,-1.2587654462269733,-0.9815624249940917,1.7025378941332754,4.544777240827432,1.8252251430045137,-0.9231943527702497,-2.651142493355306,1
2.359786634975459,1.1763506437723596,-0.37460898274294396,-1.1908027530391383,1.3529192819688942,2.574624042701074,-1.318858464717128,-0.32282607837513,0
-1.1460025733483143,-0.7004073864324993,1.9223796834986202,2.490205033665669,-1.0351938459483279,1.2757692839024442,1.9098371682531288,2.4282457131887827,1
1.761679198721282,0.5896468165461402,-1.654538131286292,0.28591329969456414,-2.3192272654066004,1.0646976623343916,0.40863672205747803,3.1625073235736902,3
-0.538806881796499,-0.6375461407682128,2.636789454995775,-1.5575059961486053,1.299897034428548,-2.605320665783503,1.4776068973066327,1.3008311443602785,0
-0.370571080812395,-0.1826290769509883,0.09789605376649213,0.8864748595774761,0.41572672762274765,0.33950758348913146,-1.3074371433717205,4.649255137029797,1
-1.9772042060884054,-1.4026757746048302,-0.04833676554319832,-1.9893410441572255,1.7115865007076172,-0.3585127277904223,1.7259593429888707,-1.241491780920803,0
-0.9659995855589878,0.1284233280963598,-1.675847580297499,0.857725027037467,-3.830506048995698,1.636627992896853,-1.514345149893261,-1.2867973999056277,1
3.555289361682116,-5.470648860680186,-0.4138707945667037,0.6260278572152933,2.137576335085816,-4.109001515700332,2.178169020064484,0.051635331901563664,0
1.171757219565002,2.813585336964672,-0.34494622418810406,-0.8059417758964655,-1.6181960723993756,-0.2729590158379579,1.564477225748576,0.9626403933128096,2
0.4049400949928347,0.31432726676706035,0.5926713064105118,0.9790197686903463,1.5370167997273034,0.2159064549647156,-0.7288567509799723,1.2923174868887732,3
2.352121965065015,-0.18065668548215186,2.7685131942465926,-0.5266355298255971,0.41077897816532105,-0.7695475506675178,-1.1602850569553125,-2.1882231318399064,2
-0.914132282033004,-0.9893520076109374,2.4586561439687538,-1.4262472180994075,2.758208931726979,1.385073071067941,-2.117094861117827,-2.872199900435202,2
-0.08224971025148786,2.494601295806701,0.46536650145276537,2.3084932677481045,-1.3826527045839843,-0.16777143675328365,-1.6587204317910418,0.21560581154483982,2
1.8402418086430785,2.6924424674008742,-2.145218255081676,0.7083280677602288,1.277414624225413,0.00045961064433108767,-6.111108603011114,-2.0593635824039493,2
2.9611506599594764,-0.8492850136893271,-1.7076743992604824,0.43661391331570854,-1.7428032278987056,-0.06413553799325244,-1.0163686673549883,2.199021347497785,3
2.1916344493686775,0.5559581567110885,0.8308650841046916,-1.5675157325177949,0.5169458603921075,1.2504013420600684,-1.5800719133387644,-0.6681215120797659,0
-0.2956856520276441,3.505213884175281,-1.3694512118199926,0.25658763340628943,-2.0605623397037913,-1.8629326934873092,-0.4241803571060552,0.43811339078948486,3
-2.697772033252173,-2.055940937105725,1.9784170789643158,2.1456117844535734,2.451365018330259,-0.7814555205023667,1.5653596194456,5.087161517305486,1
0.2506813753471546,-2.088763065481821,0.02727278977371761,2.9015012113222474,-2.212022702469892,-0.3523343675882201,-1.1827211677217302,-0.6095503828079722,1
3.025968058287367,-1.2625180209515197,-0.0023354623346087955,0.44337342767565047,0.1915053806509488,-1.2875450328203097,0.9470345072317516,0.042711751090128924,0
-2.571667192653289,0.24631047693396346,-1.9784052713490305,1.5089248218472662,3.79830060048408,-0.5794336520299284,-2.463292172908476,-1.9776565096902001,1
-1.766117296143766,1.9388503451128878,0.48582033289199467,1.3899771715846576,1.6364304206274534,-0.3344063034613123,0.4021158544952901,3.4728973967853802,2
-0.6896364010386633,-0.8404658153606381,0.10449765131058397,1.5407912234065835,-1.7150952210985797,2.2921396081317393,-2.860287763681489,-0.5124558877613474,1
-0.01786606448245842,-1.496050846164728,-0.05912744591670882,0.6034835409485562,-0.3930756889792826,1.7977255644817953,1.8875565908103575,-1.4746760072937959,0
2.2911112546437473,-1.5723896665424126,-0.05918955046025798,-0.7540711703837595,1.2477977938029883,-1.9630059658139247,1.782640527562851,0.4783248628202277,0
1.6452778122879135,-0.018833659541408032,1.519094587907726,2.7148585132867593,-1.3312637466168256,-2.389425862511014,2.5044033222373914,-3.021366916403344,2
-0.7112848645625274,-3.0265541532354705,0.9337296523095182,2.332372036722173,2.631290520480805,-0.37991258512687853,1.9724664464522093,-2.2108625666147494,1
1.8635286563954323,-0.26402817417393476,-1.0122016994515022,-2.863175182414599,-0.09812106430828482,2.3528280654563973,4.072006833147851,-4.873408791068913,0
3.1427917138750394,-0.32028594163119783,-0.11154869046572569,0.5109244925795939,0.3572417767880325,-1.5782236567966343,0.3775156430497131,2.3616466467927295,3
1.55810459910028,2.697437161017488,0.7015603404955005,-4.25023444206572,0.6129410395543039,-0.911701021245696,-1.6308655557309,-0.28122503034563073,0
1.5259462590522879,-0.47871958963391914,1.0371499108762678,-1.6376445228922092,1.467808643334196,3.0494418960971363,2.2495660572310365,-2.827046994041858,0
2.172515999950002,-3.193969627300671,-1.602775367491105,3.094840109094568,-2.8080159045004267,1.0757082945804104,0.14853345300207854,-0.3807554392345984,3
3.270770331762775,-1.8519613892722302,-1.4580299807202906,-0.8341316785458895,1.1885235112043622,1.4228984444155126,2.215270432134123,-3.0721489484474653,0
0.6032290583302464,0.39354690391018377,-0.37146879437809,-2.2357043079094887,1.4997963282460092,3.476083160857947,-0.5742478903414718,-1.9000057405688549,1
-1.2288252413682432,0.3474186987516812,3.604527351553971,1.5421128762638872,2.0269689446077686,-0.664226707461602,1.9534318483111313,-3.3928780860408456,2
2.074226623476189,1.037167769764072,1.1518821884461001,-1.1613880419777773,0.3853276499752717,3.2865684746101396,-4.517885123464649,-1.838843629831853,2
-1.0505450897505018,-0.6362540881135857,-2.2708791929589456,0.4647485118489474,2.9329964982748655,0.39720735706112287,0.2726509511836801,-3.6092350678012384,1
-1.9758324872525563,1.7295803438844455,0.1822383816066543,-1.7461795194148142,-0.7071389808317632,-1.7301853737636295,2.4074147407939317,-2.2773274426199466,2
0.547557228674749,0.6861948794770156,-2.8023484390753395,-0.0005946836514929554,0.3318583607379416,0.9640759547615853,-1.4195048013974898,-1.5363473525095088,1
1.4626856871767853,1.2360116367727534,-0.5414524892324069,2.5790612911578275,-2.1349024690815104,-1.3002741677366474,2.295473075386375,-1.4566335623833178,2
0.19868552095326586,0.5438875925778353,1.0354068429152645,0.6164775232360686,-0.2419703494474561,-0.18798377430719226,2.4042007875728766,-1.0448130547431163,2
-0.6803032829010489,2.613959454913683,0.2199945810413948,0.9876114171176248,0.91702301156551,-0.5116266663439362,-3.62021247120246,4.720002264978933,3
0.5176565195076352,0.2350572053904283,-0.8005626521814617,2.466394046352432,2.0952609852874113,0.7012202408976169,-4.934800440941576,-4.176686974132895,2
1.7280790860425017,-1.4270599971659799,1.5637755474005757,-1.2042272362644262,0.03865601642349781,3.2494483953123754,-1.098148758336009,0.41384398016538415,3
0.4403902790370263,1.2947353801828345,-0.9691410731969574,0.05245106755815854,-1.8498971057999476,-0.461545075858642,1.11249693293983,-0.913543622495077,3
1.7348892539947154,1.603789781423012,0.44030835782423294,2.500535140019542,-2.021100773775868,-1.6460451226622972,0.47871138499492916,-1.9223313470455414,2
0.13321091258440532,3.1451885443302974,-2.777690554144231,2.8682542433193614,1.872727879216935,-1.3348679131706858,-2.483123906947053,-1.3991847794750671,3
-0.37802306101007854,0.13454617399722668,0.3940246998554978,0.886781979832969,-2.8487240668169305,-1.6942626480267466,0.6469032306842513,1.83514279976594,2
-1.1751204107726732,-3.814670631237203,2.961281855047091,3.6662529644296877,2.36194586732045,-0.19653471541029244,-0.5370860333303384,3.2666991450085194,1
0.17950666286923966,-1.9330139218795943,-0.3889378018679427,-0.11660554731791528,-0.10526399809264952,-0.8878413155540272,-1.5280745391824286,-2.36596346291567,1
-2.107275494301168,-2.663104825925988,0.8239925062342266,4.347881954720335,-3.104785305682218,0.0509438629071326,1.8925889651806913,0.7331785134538983,1
5.098010853203192,0.30482271697968977,0.34831527838574927,-1.9343250620811698,1.1943764758345765,1.4535444761945848,-1.7195485233224082,-1.281271075005364,0
-1.30969887070987,0.8900123348299335,1.6253863599969134,-3.2448543163572303,1.4391316664642932,3.016368552320039,-0.5228608775529007,1.050830060860513,2
0.9275122751611756,1.909382742699269,0.8299764988491377,1.4036621532405684,-0.07343868618259886,-0.4093367734368013,0.060913505764282116,-1.308441005056082,2
-0.35661834241116086,-0.07287214001349307,1.4170949770073706,1.7410376688175642,-1.601158230314129,-1.1078829339997087,0.5919148996883075,-0.6836875532976808,2
-3.7243833599025997,-2.7693388210636654,0.11599157954180583,2.452429691503093,2.2090305166017927,-2.942647708306035,3.3821502750454155,2.932661944324752,1
-3.1058995681344497,2.581847598039992,3.130602896754101,-1.60538173295217,-1.5970313326720116,2.3580727847087246,1.8761608979015914,0.5864119252978628,0
-0.11438264643541551,-3.2607126576909278,0.1530167254909538,0.14541838622931935,1.9424121771335605,-0.0744052541602438,-0.8017040777021709,-1.9076496932796123,1
1.0626844335373695,2.4038133721654473,-0.0793973630526974,1.3662311674417793,-1.5124569157780314,-1.5378612594731806,3.3639088934363452,-1.8100219881369073,2
-1.6631697822882872,-0.16040842440522296,-2.0212533068145886,-0.16986252148028713,2.5333961249471995,0.018354726064086724,-4.097059005392814,-3.1109805761622886,1
-0.5884728878730479,2.7607474830858507,-0.35226852531057506,-1.7350495183160488,-0.3635538375806917,3.671351877687709,-1.1809198341576097,0.11787020939290893,1
1.6097965354323374,0.9188312355091054,-0.9013053406107918,2.370530756611994,1.901299518408483,0.4543759672377642,-2.5989941513348658,-0.8514345645453985,3
1.0501263184429794,-7.325672922248519,1.067664924849953,2.3918755907949802,2.2358522305582205,0.009193483198025265,0.061917727991740334,-0.07091297483046732,0
2.2935677087822857,-0.01815668519069069,0.36401600508861165,-2.423378225753822,0.805961825219644,4.318716991203591,-0.5580448919547027,-0.8801782034103623,3
2.6325723255122577,0.7827907924335691,3.788429918515946,1.3679213823637193,-1.6282253761738699,-3.181557706416668,2.9359105156654985,-6.351481176701944,2
-1.7700302050845722,1.6522623822650968,-0.8872685393797826,-0.22589344165446357,-4.159635905625055,-0.4006548151526832,2.2190212308473187,0.30778029470900714,1
1.4258498408691875,-1.0337404732591338,0.972115433133107,-2.3721110319730903,1.2630751240299045,1.7965090022306844,0.6110446941944241,-3.393304542120553,0
-0.06715629836513481,-1.4793846091592115,-3.3308606644470515,-2.240567941855371,0.6184256917660501,1.876134198250101,0.5032835004170473,-1.5020025979288532,3
-2.260492355672,1.9602826940620526,-0.9749610736237313,-0.7229678980110079,0.23557115296134545,1.0007470211568992,-0.6173974328191405,-1.9108648597725784,2
-0.2550324288182053,0.29236261992442647,-1.102646638994552,-2.0738193621516032,-0.5366554359294068,-1.1662170419696207,1.3613828247271986,-2.9585029600543518,0
-1.2567220569388415,0.8123026276577769,-1.206217648996756,2.196804761781689,-0.48566940913083845,2.7440830452667226,0.37628059907362,1.625734756547065,1
-1.2551578988738448,1.8566827728612543,1.0339610598778608,-6.04860807680551,-0.606012884109365,2.5083880210005236,-1.0232363005335858,-5.038811600761151,0
-1.2277408704653432,0.793048619004763,-2.584371695529888,-0.0913381481640072,-0.974007152945596,3.7847340337649227,-0.5526166123506271,-0.2278827017130961,1
-1.4745560338024948,-2.3388648755365296,1.2807620845188628,2.4956024770456633,0.3348532360615437,-1.1596625364157873,0.9443253850074371,1.9566132234796816,1
-0.6550286118627537,3.127947160145041,-1.114661023205357,0.3099662585503059,-3.0784014633378938,5.70140052833702,0.854111297823378,3.43231398176054,1
2.038955463268092,2.0326265008112605,0.3255425350032042,0.12242085229448174,1.3157779431830257,-3.009285231344182,-1.0061468465976682,4.161462247988901,3
0.42131226345946304,1.1590901527748425,0.4320450906918011,-0.672454125182689,0.7789116261769472,0.7161648074241752,-2.5564706739553364,-1.861938917719562,2
0.6624662348191757,2.8567091396995523,-0.8873083104365407,0.32623096665232143,0.26507140959164444,-2.657363671838571,-1.8470725498217773,0.08259047071066516,3
-0.11014918768504822,0.06756454915591448,-4.1889107358974105,0.26769886028134215,0.8025890286455273,2.8236341459339993,1.1529317618073516,-3.5001842295464156,1
-0.07671049109694184,-0.38311503641361677,-0.5695077352640006,-1.6755770710608533,2.5835286741495,1.6378823390401183,0.7735329150211836,-1.3858525996389786,0
1.4287764360979571,-2.1900385984531243,0.11430963590675591,-1.8325130702519292,-1.2904986660120645,4.449997339255956,1.0554359109140852,0.5552803321662547,3
-0.24416110010067726,0.47248134885724236,-1.930481873064978,-0.37227005528682766,-1.9405942280477166,0.5152855382014998,-2.255940827080403,-0.7381411001108495,1
1.644450557199058,1.6337596117369446,-2.5992664428554173,2.523219472946473,1.7172228110123724,1.700168141163613,0.6139628673158484,-1.5984703875029873,3
2.1699644789013446,2.190643834787485,-0.41687136217618637,0.661142825374857,1.209600414520788,3.076577371937355,-1.0351983614243156,-2.579688743163782,3
-0.5487321036445121,3.2774524630112,-1.1635256180516926,-0.35853672296376615,-0.13114559112786062,-0.024714098888360736,-1.9885861855416813,0.6766086196543104,3
0.5727721751040152,-1.3302278413412583,3.3062429999146024,0.721907273234301,0.9861979028051365,2.3420969380905845,0.5589967352311009,0.6649162531895232,0
-1.5887696371011368,0.22385947818368612,4.2070870655506925,-1.3522778577810237,1.4444984327200812,2.8404907336680316,-1.4973992689827766,-1.7561806883295525,2
1.3996115869050925,-4.910595404886164,-0.1979836716524661,2.208828322828454,1.1719559240417219,-0.02925456652482561,4.268046531030958,-0.6332747883919769,0
2.433967619345622,3.2572907272403375,-0.615886342500476,1.1094060085985686,1.4543234842303414,1.489925861376586,-1.5731202320841722,-1.3759061860271666,3
0.2610052338524591,2.238867150039109,-0.8542491199159812,-0.5384156363833592,-0.47565806583901205,0.03550162905706822,1.5590033683289173,2.1846038066066185,2
0.47370978329085056,-1.2449645761618573,0.4553772732692827,3.0770984721650505,-1.6856267063017643,-2.0027052554158615,1.6657670797333308,-0.12522541990921243,3
-0.96820298790799,-2.619265716111368,1.6545504584823743,2.552160217990969,-0.7513257749780268,-1.0603036695018437,0.80787398293484,1.1573901215239564,1
3.5609159813298836,0.27114808818116987,-1.621776994475511,-1.3213833482020945,3.445835527842463,1.5247066427311404,-0.45842476969498036,-0.025244522873593356,0
-0.554686340511728,-3.1251025787957416,-0.9142464749252032,1.497023116369752,1.6665289438256456,0.5756722577840683,1.8135663471475185,-1.9882318337011098,1
-2.935434370285396,2.9564488639297988,0.7704842178555456,-2.0574380941255845,1.569924019918301,5.258092800713923,-2.462735395640836,0.6640571935348276,2
1.5560810226616049,-4.221535153137456,2.613908059869728,2.7041257680704,-2.0491684362611027,2.0303998654723516,3.82544070837683,0.3506968710129903,0
4.446080502763171,-0.6009282704100714,3.8896007778659576,-1.3493788358030958,-3.362066601888691,-2.718617150797302,-0.9540555245034477,-4.070110722864322,2
0.6734928090955399,0.5531865013953385,4.835727619163121,-0.6328093100879377,1.6833802765370782,0.3554644958845916,-0.8250138318114808,-4.0224260856916665,2
3.6847165388337184,2.2141232378982076,-1.4840848991330882,-0.7129486999797718,-2.486499246851592,0.18190634694914531,-3.8804802146984905,2.7608094624498825,2
-0.6715817935811265,2.8726126384646182,0.46408844373310965,-4.162634319961182,2.5941901362296074,3.247139424269698,-3.7278539529490695,1.901219752659744,2
-1.6471382565014454,2.3385685008177686,-0.2548723654170455,1.3244141711620085,-1.0582200521811678,1.4440356666090808,-1.723490884450821,3.8159652689263286,3
-0.8253872594092017,2.373669701396408,-1.2362975259081965,-2.370271350039042,1.711290007197843,0.42059647560752134,-2.593458454922639,-0.9893382244473722,2
0.09075177715636962,0.17439908158910256,1.2277614040312912,0.8945645925298489,-0.8219859343568257,0.7463670268465674,0.6884677992874041,0.2676978083894992,0
-1.664613754430362,-2.300680662451872,1.5320098254364334,2.0583899045129606,1.7788476253602896,-3.169927395185252,2.240858709410594,3.374417711657474,1
1.4764937749031837,-1.9571355247562172,-0.6473045404303419,1.2129394563920073,0.37049766086974967,-0.4875832401338993,1.604593999227546,-1.7581895519564363,0
1.6722121411874866,-2.3281203712667864,-1.9922141478600024,0.09965795651437248,1.0533331098726935,2.4233179704219188,-1.0133565729681924,0.05190597959358101,3
-0.7556126899909112,0.40946376546912244,3.278065460585376,-0.7571932496700369,-0.5608465974360226,2.5647481324479777,-0.9477619178629988,-0.5914280310326645,0
0.7286462299913055,2.7790681974031104,-2.4203743803685764,0.9573061284410312,-4.243784784157742,-3.1282592836617744,0.30941293438375417,0.18933936262440643,3
1.1431162756104138,1.70012017124651,0.36122936786048543,1.663261104137589,1.0560479663888398,0.6910275947942623,-2.200284667777857,-0.47387625237417486,3
1.1926033553951667,3.8914850084281345,0.239189964761376,1.681705283661606,1.1023294165848418,0.8436710186557055,-2.850411717344203,-0.43942034934921015,3
-1.803398401115924,-1.1953434377533516,0.9605965687012139,1.665631426325624,-3.3825340539175706,-1.0546423921855614,2.788313270527698,-1.9277086846036986,1
1.156155514156337,2.276973265130522,0.7588755291100724,4.074977661060375,0.3686600381092622,-0.7174363596766204,-2.1993044635696917,0.11804589641372676,3
1.2239081541608168,1.5061099822441306,0.9852208140230587,1.2881010074181323,-1.7077964815602353,-1.602752208906126,1.6935176562632184,-2.2794271065148366,2
-0.6410164187234645,-2.252628050944773,0.4266938643474416,0.7835030399775677,-0.6592372259252288,-2.5821091653807695,-3.6803778277911876,-0.9221060623256129,1
-1.026442931392505,0.7805431619214782,-2.465029509755511,0.8050264967248628,1.4541855267189174,0.534378802712062,-3.8726690772283154,-2.312120979977043,1
-2.3591419338843034,-3.149777122084811,2.3476559082974733,2.6969152584119302,0.7914793366490456,-2.1484192936145736,3.3461811426464703,2.73795062951098,1
-0.8278856523474021,-2.372906216454913,2.8911699473656,0.14873006850337078,-2.5918858294013174,2.4977156951844997,4.0474107719666375,-3.99040786168357,0
-1.9971770141646017,-2.131942492187477,-2.5398447557248436,0.7001611739601954,3.6037120715015014,-1.877906816335062,-0.8335178169615428,-1.6824296759459538,2
2.475199487573275,-0.5546626069902463,-0.3903179907531853,0.94396321428311,0.9444434391776754,3.7904198161055547,-1.09633351796705,-0.16402595056773417,3
-1.6586005884858113,1.6093823729555439,-0.09742195100409268,1.096591718938043,2.0197945084105307,1.7133737356719883,-0.05226685321661484,-1.88579449253545,1
2.2880702040897702,-3.5312781448635713,-0.868038932926205,0.22305492351146317,-3.833553938255321,2.338701941258504,2.5817243104726058,-0.04881269983381398,0
-0.6022212126226641,-0.3106772575237686,1.6321547978547373,1.3543094523927077,-4.51959438281744,0.4903796050676881,1.7040123466818782,-0.33223776466804034,1
2.487927973402479,-2.073677291228411,0.5937214146173949,0.4745744034292838,-0.863920079709504,-0.3393838923100656,1.2527764880793104,1.4683303302299504,0
0.7534793802267088,1.415393907902406,3.3356558014183197,-2.336840632379174,0.37999489042818113,1.5522942805516626,-0.7215301699643324,-2.478696478593432,0
-0.50142121771119,-2.1811966874380686,-1.6839672173508256,1.6841600687577236,-0.14887424778416958,1.5161838082818924,0.510711736683505,-1.3503452520858914,1
2.543960227050596,1.432497107038536,0.641842112213906,-0.08850423648423589,0.40217385894585833,0.8422477386172957,0.7448055020886626,-1.9805807775130337,2
-1.408285984808936,0.13749972652636444,1.6736045523005099,0.6073024027580234,-2.0852425370010836,0.6208176436532782,1.5594301478006392,2.535204149830183,1
-0.3335365829406569,4.051698040748365,-0.1836355570973749,-1.4215566259463324,2.638404004265877,-2.050632684619333,-3.731665484050761,0.049483741867801134,3
-1.8389555017681762,-3.8910533683957036,4.565892471062771,2.1764713979190433,2.239673918416979,3.934224530905319,0.9843735647994968,0.4316739330274262,0
2.1242568723733006,-0.056824564363836094,-1.0015813338767845,0.6199558907362283,0.3425040850291924,4.910098423696238,0.7402462106520122,-0.0347691717254075,3
-3.6144007916258105,1.5291191478325012,1.43484914601109,0.4551131032446307,-0.2653465855501227,1.010544652279664,2.018039160880708,0.40768924899482517,2
0.7763145830401506,-2.082660020906528,1.9477054455131804,0.5973430612661279,2.59444558375485,-0.2867236782127365,0.4111175816454594,1.7239990734580415,0
-1.3366890375410947,-1.4517985385366101,-0.2534506387526636,3.1353485537473307,-2.72637589656949,-2.177184366111436,2.4614428865556706,1.39139821994745,1
1.7624961315680334,1.17661146119804,-1.3071640147139751,2.4856932586487868,-3.481840162647276,-2.125294913761536,3.6918611345516053,-0.8842696557454672,2
-0.33511594653891263,0.4379243463815412,1.8749381556549798,-0.28878757618181894,-0.2347762059982096,0.7314881940100674,1.3040720824588572,-3.0558430048280076,0
0.08783310166927338,0.47055104752456667,2.368116380546067,-0.9650407359949051,0.23086155482683757,2.9639323962588113,0.8584263506295527,-0.7349457604765057,0
1.299451905844841,-1.6540198508540422,1.569094334054025,-1.6507772072310307,-1.616103004493993,2.185970792535515,0.6171628112413627,-1.4272662622411252,0
0.7303086206264202,-0.8132572148971778,3.8486306338547864,-1.8522885245256848,1.5733383244962136,1.2276948373072578,3.049499662231045,-2.1577239461112754,0
2.679800846639935,-0.2052129840586061,-1.8211323318684258,2.5561186554847297,2.327483253161222,1.776262253051407,-1.4956840249404184,-1.5643107539551804,3
2.533914323331958,1.2213239833076002,2.556223021799468,-3.4053307692504804,1.3208786523513356,-1.2203635087390907,-0.8367395194514209,-0.6947253447944284,0
-1.5931887764831525,0.5918535132455129,2.181767097583462,0.8758467319998415,0.7462290745386808,5.349350339732249,-2.785488132481033,0.07055797844780787,2
-0.5888504789438043,-4.435201428952546,-0.19624237439263426,1.2683762343411342,2.701518325632171,1.0437198953262528,-1.1983812678721906,-3.13731518443838,1
2.5640891577903133,-2.921171477291016,0.07746157393965358,0.7929728449712532,0.6739600579296975,-0.256426444888987,-0.6920352047089793,0.4118705669992202,0
-1.7577148640336457,-0.20165895583674587,1.8631869396892724,-1.706327081742804,2.9889384773294507,2.243338332266207,-1.2104334478792547,1.1215928382870413,2
-1.0536199708484297,1.022572592954364,1.4829602668707043,-2.5339172641605625,-0.19075246572004034,1.184370654384544,0.6010891042569744,0.01919950008057758,2
4.52628342304474,-1.4583639830810062,-3.4507075940676133,0.9737189415327784,-2.376201202222509,0.482840428543424,-2.15638031135056,-0.22607932232172256,3
0.8272915162496267,-2.020499367785945,0.03462843951106964,1.6609971255547356,-2.356887979865104,0.5552000288627907,3.488918067648952,-0.9699170897030002,0
-0.9859276781754842,0.384836201440395,2.755327199874667,2.201569859404734,0.24013686826472558,-2.168013839209003,3.3461814968604906,-2.7852807122179652,2
-1.4690612601328645,2.1803586059654796,1.5147089537636462,3.096516573418511,2.1908037637981743,-0.5946105620207061,2.51328981241537,-1.9822905238932542,2
0.6952100957653968,-0.9515445929855882,1.0241876023159233,0.42733814851122987,-1.9576824244156206,-0.5359061406457295,-0.39037923658287643,0.38304481954074276,1
2.763699685349528,0.28432342382494524,0.5437878581154283,1.1027379584796857,2.0928713402905856,3.4716033053145847,-2.2000604027421797,-0.326396111695648,3
-0.3662935215780283,-0.8489522903406508,0.09463678475866011,3.6045752724320512,-2.1750488086595956,-1.7381926341847134,1.7523113060799576,-0.15397536871837592,2
2.4887992486431663,-1.6628198191064771,-1.4133021809212127,-0.3238032957372563,0.8650313445676483,2.4609667812665004,-1.058025727953887,-0.12770551804763486,3
3.412461552640962,-0.7377236116756378,-2.0621242212643525,0.9517073169400977,1.7931856428052142,1.0884848109762641,-4.808973199787022,0.663410589421352,3
1.5339597140430459,-0.20623504612012633,-1.7039363830813654,2.5284795534178253,1.1087945638230128,1.3283789687865575,-0.5101762750037331,-1.210286204584562,3
1.0156508481619229,-2.7586549954862347,2.1416761008444585,1.1023606691286862,-1.4773684695672231,0.6409700237052379,2.9735254505453117,-1.6471086377477921,0
-1.8206111406966035,-4.1421001523100704,0.856136696249057,3.205332285225505,4.379718613650281,-3.9893089629112475,1.5346543855691304,4.603241085745164,1
2.409592504238817,-0.015199848703647323,-2.6348318265727184,4.220774729766177,1.2303522402237055,-1.5293653988944986,-0.059568194280828934,-0.9190368278558241,3
0.759095534362432,-1.572814502946184,-1.838403135712288,-1.612593119016629,-2.5091157695636745,0.873909969672721,0.7277552466460661,0.02297229834765724,0
2.9124963337074594,0.09762697099162154,1.9335880639326701,-3.647938731428783,0.6639880022992751,1.3410779279708112,0.559590132873387,-4.384774768629507,0
-0.007737541811791537,-2.55127873966632,0.7864270700259391,-0.30300806258065316,1.9521259036834606,0.6178900773884175,2.906943284454191,-0.7725863380846215,0
-0.34969068740064446,1.4491587615777788,-1.0232078710577193,0.5415538430241167,0.8110925735961557,1.091961825627328,-1.2150367252380798,-0.11259212850826905,1
2.5578005435561595,1.440590681659593,-0.3801275812377457,-0.3826921263953529,-2.059744235496911,-3.783412178385657,4.751955961961989,-0.02973907271884446,3
1.469310142453402,1.2248855224084074,1.2307247929702672,0.767982888184512,-0.28178728214007887,1.5249531566605783,0.9787100402025872,-0.5720863960524021,3
-1.031993029845757,-0.15412244018156585,2.8054792242260755,-0.8149087699793952,1.6837061400918756,0.2513918380657011,0.9337708333613611,1.0347764758943199,0
0.3122520943715237,-1.2935535834609588,-3.781849428664182,0.49948585621439745,-3.3773999861775064,0.5805534030417702,-0.17839351092436107,-1.262784545919273,1
0.7299850414552882,-0.6650986430420962,1.71041071002558,0.6175595398474079,0.8518593355951924,0.9934676117117613,0.26321311576790074,-1.3763295124123187,2
-1.0441095348767666,-3.4293237598642428,1.994125251413705,-0.0484353661384469,-0.6819710771182703,-2.344066346357416,-3.1490383516088407,-0.7739973489477452,1
2.2049363563654634,-0.2869046859218516,3.394236577493348,-0.2829819982579884,0.27890219464558896,-1.2662496505955887,1.2352515942774027,-3.8804343164705006,2
-0.44727049794816187,3.2812687849952646,-1.2576809962167546,-0.5951121880033219,-0.6034411938222985,2.329035226860832,1.1745570437627535,-1.0986653117390321,3
1.268219511429702,0.8735516263150791,-0.9563248736687554,2.481261302026056,-2.1761944034100527,3.0277440164581475,1.728348395373371,-0.012871006016528352,1
-1.1161195330928235,2.0835421159393315,-0.8112883341656822,-2.3391201481653994,-1.4936880683086535,-1.0599105310270074,0.4349172925668482,0.4492299563351415,1
-0.7771454224937897,0.2607036176660934,-0.11027957511819908,-0.19381467709608702,1.9567523465368382,-0.9160020687035051,-0.7318937153747771,-1.4638741311884265,2
3.916258594832483,2.046947446552405,0.3055815639125258,-1.7293662173957696,0.6551503948583253,1.5472037690703577,-1.874058493652769,-0.48625084448731615,2
-0.34852165951880165,4.425049170264806,0.7589837929615424,-0.11028545943981216,0.38440822456240986,-4.349366014851105,0.007950467769908043,4.495866272875288,3
-3.631078745614528,1.3083227802777733,-0.5784528667520368,-0.6799565004658537,0.7597562203123586,-0.7088862961568008,2.714342803970697,-0.2439702032453328,2
1.7193236135915126,0.8754242426714028,-2.027373780035071,3.2280309297577734,-3.5393930350231857,-2.932340726997942,-0.4621669025040299,1.427779520581977,3
-1.9403494882920738,-0.13458938371017926,2.2895422974115487,-2.9435115874378734,1.4939321113833985,-0.029622506075689392,0.40793107760018366,-3.625999501737437,2
-0.5323400508198928,0.9143055771549093,0.504565370726354,-1.5937346240396701,-1.560307070896878,-0.9647693047345385,0.8112282346956898,-0.23872939481919797,1
2.7068317197843292,-2.2838136109174485,-0.02787750488968177,1.4729617627154123,1.8113321274132326,0.3840285903023154,-1.9148673700020549,1.9193607534392818,0
-0.1361013024302673,-0.969789037468391,2.106352057683428,-2.1614656573326405,-0.2594431841985111,2.713477627473464,-0.06349156133850808,-1.6131177782631736,0
-2.45066278319391,-1.4001271228302894,0.0189543851187447,-0.40494236162193165,2.8877986326791207,1.3648416579455551,-1.17669480102261,-1.810661553219864,2
-1.2107759710202282,-1.6113790696341344,-0.746595412532592,2.6138750436650127,-1.1386111158260377,-0.6616447610368691,0.32734020878407,1.5076661822279083,1
1.186223132038109,-0.7395932880734606,1.532226823660225,-1.914895500506392,1.4257566287925763,-3.5866230992705415,0.3213337606160236,-3.7939511572455062,2
-0.890477411325389,0.17479592678061762,1.5426456258012162,0.3537354523231475,2.1357098796991174,2.805942250725881,-3.2471577423380587,-0.7094852263226388,2
-0.3072787764097713,0.9422664577562798,0.1029066625024484,2.1753238923967304,-2.38017403751145,-1.5834771777533563,2.5388442221281675,0.0847495347517544,2
0.2669715126354413,0.1607912235427137,2.8633455644942427,-0.20879116279469123,0.8101603071471772,0.33426521788459906,-2.4762399624258222,0.08908875979704423,2
-0.8950380489159238,-1.7205565350504644,1.861727734315135,4.27696093007793,-4.740545959228797,-0.9578949800637131,3.7182392897576166,3.0958998379904,1
2.6012067952608424,4.331097085265857,-2.440715835620024,7.834522795558147,4.4170259118080075,-3.8099937963138917,-3.931759276595841,-3.5445795047701836,3
0.8300452809183871,2.750723339321775,0.21830773184383545,-3.790680267510142,1.6172072568693645,-1.055423245129938,-2.177565121007045,0.37971054441930097,2
-1.0349354034066376,-0.20430365058243605,3.9951575318846024,-1.6601953821588795,1.2940084613567047,1.4425031275362923,0.41196951987302755,0.5707461931356181,2
1.521606713047203,-0.807960052407088,-0.6466574871365789,3.191385747896048,0.909305336200001,-0.18949220917325293,-2.34700855567856,-0.25741296673259706,3
0.35982322470023753,-0.6229294116625417,-2.9481226007572987,0.8148590447945014,-0.7677324866199287,2.3213492696327602,-0.019821468240566076,-1.5798459949534125,1
-2.876924876788973,0.03430409939603818,0.5684370575864235,1.1090734012666963,0.9384016734089471,1.557866352195536,0.7344050923145942,-0.9647222355600408,2
2.0269743310928123,-1.1017151782246963,-0.20549346839220672,-1.7640038456486553,0.30547786387174347,-0.5611957811152093,-0.6099896631774826,0.12149972434100587,0
1.5061286332986987,-1.5781408672956116,0.7114790304435412,-1.7005059592689549,0.033975924763857135,0.7598042018037701,-0.2249088579922256,-0.26607978742129923,0
1.60362777894951,0.32876251866871464,0.18147061980991364,-0.9135702997441588,0.7176899921511217,-1.5663182214201496,-0.16654762569648018,0.20369282654175214,0
4.357775601994939,0.45878652776109585,1.9559265542708881,-0.3879298305957488,1.1113418208215702,-3.10166975351434,-2.936996993094996,-3.590129580359329,2
-0.46841297891876477,-0.5551810425419718,2.2896241928454453,-0.8739498753628305,2.1304850145411027,1.0822317783153654,-4.841012025508331,-2.459736832768683,1
1.8770552269590293,-0.7245138836517195,-0.8223726544583603,0.7912375509746334,-1.1403960797667758,-0.10825312716699032,-2.1817830170341086,4.724539788464275,3
0.31089093142873825,-0.9985541567612884,-0.2603589666487638,1.600722580750202,-1.3556028803817315,0.866680951775636,2.7901773208600087,-2.3931509125710995,0
-1.281742179167602,2.1386721341440857,1.195011816724604,0.6638988137128075,-0.8730243122588128,0.30350709718825575,0.9359154954189937,-0.4825839302881958,2
-1.740178006183998,-1.4539512452407313,-0.7427537819117096,1.5349777666085433,-0.8399622822372789,-1.2349994727143705,0.6439955365880338,0.508392624592786,1
2.274427890230889,0.6696369264514026,-2.698421801931647,3.2476407716574953,2.7255321406836908,-0.6272581197056417,-1.553853015886385,-1.5217970500756386,3
0.11553367035739104,0.34700367585090597,-0.4787150261497428,0.042296897764978914,-0.7250262480619862,0.25070889610637526,0.13401289116025228,0.6396645920612312,3
2.3901981512364965,-0.06690835841216192,-1.0313434277793452,0.2430917664533052,2.6102622992982765,1.8570726449917578,-2.9465866474980382,-1.457814731911174,3
-0.3203274750938575,-4.152941082664331,-1.1280317281079704,-0.9946533337410006,-0.5856881004953729,-0.4868132349750336,-3.86456032338298,-2.505982987570486,1
0.10507355024512643,2.221429665402152,-0.530521708255505,1.2812630457185032,0.28338339562716164,-0.4293196747925144,-1.5480667420817007,1.764342071203259,3
-0.9181317488958591,-0.8777790082396765,1.6816789605464044,-0.3102993040554727,0.3209441972735392,-2.329998891206465,1.7989114272900104,-0.06587776783635246,1
0.25110748314107323,-2.346413302206571,3.3132336728713256,0.020588089976821156,1.8023713241019101,2.5533466880513576,3.000887889723425,-1.3087354467376975,0
-0.46044509644972187,-0.6440842224954391,0.1967296898944464,0.9956923813914789,-2.7633966609831386,1.374394907057976,-1.884652010333368,-2.1347167885037703,1
0.019043193286671922,2.60223884875066,1.4265519405991511,-4.479851553913153,1.0425312831943696,-0.10824607547229959,-1.0933468393063008,0.8736381412111072,2
-1.6206093504183214,0.3976012444821626,-0.10038655785947803,-1.6702657732670585,2.608469177784632,-1.9226364255310229,0.12467842224926917,2.86352189191925,1
-1.18129097943409,-0.10325704259513135,-0.8403781716740821,2.3244305708792963,-0.6533012326931263,3.4731779789776143,-4.037164448550252,2.219245882183018,3
2.795294769045076,-1.910102049998836,-2.140318573917124,-0.8426947390085273,3.334846449063349,3.8602202075935415,-1.4759403738100978,-2.120629629167335,3
-3.351850526880061,-1.1903231472495004,3.2838470731416574,-2.1358569471533926,3.4944394060989996,2.8855502454081794,-0.6528202892694643,-1.009840223051471,2
3.1223994587042805,4.587098140273334,-2.3585968291124755,-1.794737350140375,-3.978489018418043,-0.9682550416294438,0.383002249259792,2.4377769570266006,2
0.3409821925370038,0.4782593217012261,0.22642384669158422,-0.6380974253033225,4.516158040313188,1.436405056162357,-2.9085818811862154,-3.3016235508441762,1
2.2684131045574207,0.6038751999061653,3.3005160130955233,-0.2665801713544218,0.6968273045820952,0.7308513785959723,-2.979993494372959,-2.376303847358031,1
0.17235005318306462,3.40070869534618,1.247427298009165,-1.1399580098569118,-1.1220307679636061,1.8047745891362827,-1.3796506586812567,-0.8589284888406304,2
-0.7836079396204285,0.988903036096095,1.056985315449383,1.6057441506696835,1.9727448253246282,0.9146765192115753,0.7723670223326932,-0.8728995962422649,2
-0.6170193574730338,1.3118497349846465,1.9942037587999244,-1.808188380235387,-0.20023485193184298,0.1975942120900971,0.052146921803884916,2.2439223886701827,1
0.8627555973272516,1.0808765330185228,0.21447324159407655,3.004146053953685,0.6467409458632536,0.5701134796056355,-3.289761071123392,0.07561180454550853,2
0.060352275084587625,-0.6538972381656183,1.3362214694709569,-3.1385938109432643,0.10362113156167152,1.8325275107165842,-0.21728875074017107,-2.866056358033971,0
1.7746939908792547,0.2553133607614746,-1.5189686187927374,1.6384069660089682,0.5829154483815724,0.3706191807902477,-3.1917619045944043,0.4916149586471614,3
-0.1144920778162537,-0.5859960167547102,1.9457835408518986,-0.6586264073797039,2.217839471805836,2.163898352583235,-1.1922620456516215,0.19888956271999914,0
-1.7246995008237809,0.5417474361722228,1.2643045797584618,1.7030917985571041,0.24168682770270555,-0.3579226081727088,1.9117333367457698,-0.005951522590044611,2
1.0638971259486092,0.6191923623537161,1.334482592751457,2.66230181460617,-1.0553906020627797,-1.899921595676337,1.0625545555191165,-2.3344473409782034,2
-1.3461209115495998,2.86598285146781,-1.386955275741972,-0.5090955005424613,-0.4512152785604475,0.31818252945794523,-0.8738986669636777,0.03883826474359786,3
-0.6926685426440551,2.6719688861337882,-1.124803827891518,-0.07760589568951959,-0.4030508060596867,1.1348060983851114,0.48410204748932295,-1.3589650469141015,3
-1.5317240616223153,-0.365062319330993,2.4775770277182803,5.199752714712759,0.8859416502463748,0.5130770501096273,-4.746707987641941,-1.1567533343242842,2
2.1489096004867707,2.013283042653602,0.5116528196878377,1.819717483643069,-1.142136881079388,-1.3745946827904958,2.560924850895494,-3.0448937567518053,2
1.6189894884368674,-3.066950042289291,1.07374453491477,0.6702251551119862,-1.4128961980125325,2.111757966087632,2.736309484669964,-2.3047896289481464,0
-0.9235716634491729,0.5779459534271758,-1.3273726069953888,0.8853697171849273,3.581208240778436,-1.1765039258190764,-2.8753465725007987,-2.4728961135302137,1
3.6405013172503864,-0.31960294591542815,-1.4836587240209105,1.2078447196794986,-1.23687600683998,-2.263012528717245,1.0617638548552915,-0.09280977588960249,3
-0.43747637206037526,-2.055095267929678,-0.5194983458269358,2.384612282201541,-3.0419080200806285,-1.2583047237701577,0.8032894387482126,-1.5330175128099173,1
-0.643624202060525,-2.166144337460363,2.272657089759074,0.9146169594989529,-0.2876034052811274,-0.35094595587514354,0.09627078914751863,-0.81983893742291,1
-2.7213847222296446,1.047673697432689,-0.1269860088252055,-0.22809364328823167,1.8555032864569612,2.0803062544214206,-1.0854404878477661,0.6990070964298376,2
-1.9948772855806012,1.1243607437968057,-1.8186303335173246,2.3409392072773647,0.8877064911556445,0.6909358562150306,-0.6470698910967811,-0.4228782434260129,1
0.18782534431062758,-3.086658489366807,3.522742083917289,-0.430856198213023,3.1099247807579045,1.693368511308188,2.2685151726028234,-0.9656731682599583,0
-0.324495745919108,1.0950963013499921,0.9490069828951433,0.8085860140422705,-0.1491003425298144,-1.0251368509468257,0.6321586338139991,2.504518470276862,3
-0.8767834450162764,-0.5101837987812525,3.0647504381668145,-1.6530165070468419,1.0796878799722718,-2.2678640570551742,1.9709808497516959,0.46622458294059543,1
-0.0042187889483751295,-2.9957890479647746,0.2675178033736003,4.138920994980211,-3.600319372210152,-0.05282045041876715,-0.8664466404307951,-1.3372562330471083,1
1.5696942193023982,1.9290680809946035,2.8592948424899465,-2.472136298294064,0.32121583299883216,-0.3111245781696581,-2.6801723696832123,1.104837560589519,0
-2.528048859490978,-0.5365175418675749,0.8594698255523119,3.350628386121496,-0.3862701091432599,3.38269300017178,-0.3534682522049608,-0.5693588278013608,3
-0.8577313961111149,-0.6891627139334395,1.8008774493353008,0.7195200967881445,-2.891193462709194,0.41352093594783534,1.156503223064643,-0.6442124799089031,1
0.18126935615337314,1.3144475531142958,-3.1928953618080795,-1.0411518424729018,0.33971033143902907,1.4047027677522457,1.5791229281008006,-1.6677359346184026,3
1.763851785560265,-1.485148239716072,0.9594246368212893,-0.4340267285407492,-0.6722927843819573,1.00345924127156,1.4741920241666047,-0.7758972123278867,0
1.8591615744157157,3.9188919327436995,-1.3783752147488197,0.6770381728408934,2.614091131230336,3.071372557374631,-2.8536153423544306,-2.152841162890846,3
1.1081175137737764,1.8864517348780696,-1.66716623185782,-1.7858815972392428,0.11350355160472625,-0.02093841154843079,-1.6289270623739913,-1.475633720682834,3
-3.3514140147292517,1.5289153085113267,-0.8152244298400678,2.4302170789875595,-1.7364676249012052,2.143691889779939,-4.226353916760038,0.7898783593521919,3
0.25455323792112705,-5.0169138184751745,1.0227749150765497,0.23842958160245864,3.2248131409549257,2.088247344790966,0.18575503217199119,-3.1192583449652944,1
-1.6928827602611927,1.3387642919401237,-2.130480318093839,-2.933291793876659,1.0848254249621376,-2.584797350232397,0.8096839808920331,-2.0298080275215504,2
-1.3189366251747607,-3.169413130577649,2.281791501362088,4.93395202394145,-2.5662273096409156,-1.6406180549298246,3.599910626051634,3.070846382636286,1
0.6359478174056585,-1.0997832950537028,1.4923157686124195,-0.14088168255644307,1.2726685258270247,0.5859116723364726,1.7319231114720528,0.0975224481849215,0
1.2030743594560696,-0.7952134642435198,2.0238642406953513,1.0268768058930413,-0.8907331640269979,1.0137167992478997,1.8724887299764283,-0.12697828220771623,0
-0.19760623455463833,1.7074228600048786,-0.11702807700926066,-3.137059348665715,-2.6487055401613357,0.6719075577699318,-1.1059533956912322,-3.8805846588054944,1
-3.4044403306214877,-1.8526129068081607,-2.302039395351488,1.6385179389331377,-1.3385080876805393,-1.3292768510587534,-3.829140738552338,-0.29744348566374934,1
0.5863097339212073,-6.252463635211154,1.0324426694906081,2.172129771467015,4.536520430038122,-1.0446580967891888,1.717541679575205,1.7997567268037709,0
-1.2853013296280094,1.0212061990283892,-0.2043875449249264,4.347004579781638,-0.8248078756217272,-1.9362647046121944,3.142571128256076,-0.8783002903635632,2
-0.46310765975879087,-0.13299619022960218,1.187865012383917,2.5257570863865784,-0.43779570952487723,-1.8462383174144796,-1.056970742038474,4.072976299526501,3
-1.3890380968744864,1.7284846084449064,2.319056300976362,0.12470748831050893,-5.131766012485539,1.3175143661521038,3.2016690579497795,2.5285745478252033,1
0.2174266020412,2.8740891470586494,-0.7786262707732386,1.4461271323056746,-0.6269631917189031,-2.9494539991908857,-1.5627438525516788,1.1259764402257666,3
0.4175710837194906,2.219930168571438,1.6800440665649248,-2.2720997179715443,1.2815938483628586,0.5988761771017145,-2.245624241818969,-1.4713088318365186,2
0.8756976488636882,-1.3661201311057452,1.2174650000564862,-0.5593670000186584,-1.1560331695874873,1.8112284258392948,1.892975457589364,-1.5486113242677746,0
1.1792611119251513,-4.1903004381316045,-1.0558478036396917,0.8382546486853475,-2.733042624346165,1.818857734249065,3.5830615132493375,-1.2688986528059423,0
1.3528960221256454,3.7436034045043693,-0.6537056892680095,3.584398561815468,2.669071356546581,-1.0577024942915108,-4.659543103472797,-1.2923160491191945,3
-0.7889740560450755,3.1479434941576123,2.8098092904572414,-4.151213104552422,0.881431719878304,1.0766193709404868,4.1677651070429516,-1.4289980700203313,0
-0.8167700250362335,0.2122446544357548,1.665753464928689,-1.8483001410893585,-0.5316775578000744,2.5448471546392537,1.5595093929369745,-4.227708416458948,0
3.14250321316958,-0.9775831076234034,-0.7538706508795616,-2.9464238615380705,0.4002940133303179,-0.1093095769775394,1.8651875781683342,-3.9206241722772495,0
1.9727196324434675,0.789519328922374,-1.010943900811105,-0.2492730661997713,0.6691336665181058,1.4063801969006542,-0.7066538789110806,-1.339370134921623,3
-0.48795818782362044,1.0246077580215411,-3.7256644581575036,-0.06220902238827586,-0.9351449621831103,0.5801789545562599,-1.5249072232893017,-1.4360294663775384,1
1.034445726218061,0.6922906228505732,0.10534794497303412,-1.6094965453290255,-0.08058291419206931,3.5582911435719824,-0.35899762753915243,-0.6416049927039448,3
-0.5816717604150929,-1.3299120324719471,-2.1277948743851685,1.8506887884936445,2.149897675518014,1.4236780054397835,0.020003613374750095,-2.913649515063595,1
-0.33439494227329813,0.8765639252406738,1.4866345455681382,1.706949680274733,0.30826293478789846,-1.0987105196523914,2.7739518739671496,-1.9792458228187169,2
1.469590523919649,0.7606613368410813,-3.0751553305082044,-1.1495517349955588,3.0736533456555084,2.465154877075398,-2.271374796701509,-2.896115422688605,3
1.5166500614027538,-2.221184846282057,3.4927205150895495,-0.17341934508325096,0.701493253274879,-0.46699124772098166,2.2154564088162454,-0.3917834948943828,0
0.1289604947510774,-0.1968803231136662,0.9069965034899289,2.315660486725319,-2.1311116121848555,-2.3848782982478567,2.9161214667458624,-1.0930724453257619,2
-0.9598220766277528,-2.0321047563576324,-2.8286282841955526,-0.6514505285989112,0.24553232763304422,-0.2643595072602529,-4.04714505374865,-2.2396816817188974,1
3.9545873743113504,0.8376697504202214,-2.7722494656335823,-0.7776436516641896,0.04018115884117823,-0.5977429171994768,-2.081089988659029,-1.0322102454427573,3
0.3559575872810441,1.34363097078047,0.7368575635146841,-0.10265254173603333,-2.7675768829087186,-1.6560093776190148,1.095851695598246,1.0337006652390608,2
1.8171496267871914,-1.9646645741265818,1.34335155608887,0.7771000788744749,-0.3043908077844888,0.3889123571037718,1.3979015576568488,3.096068901267344,0
0.47235210482619516,-0.8821070446844438,0.5279159196163044,-2.6489146707297344,-2.669963587634473,2.1958530366868,1.0821299998773466,-1.3542506572959896,0
0.3023424919654647,4.236064747891301,-0.4593694188884234,4.185953943363129,0.7505894148523496,-2.412347524250937,-2.4123577996390693,-1.7818510049523368,3
0.3492364273142785,-0.09311988081214762,-2.4857637268644215,-0.5773122920426113,-0.9490715066769733,1.8393295929961058,1.7821620285465936,-0.4666150220855325,3
-0.7273607763109466,-3.332043019283292,1.843074643764404,1.4684332140526597,-2.839577819466217,4.423899119135999,3.4577544093751307,-1.6901560631865202,0
-0.14334753774530284,-1.254347961117406,1.0964938454573547,2.0020582833030622,-3.1602239007789925,-1.3657379182122888,1.5139794747317603,0.5539607754230695,1
-0.5890378321500176,-0.6373852419222876,0.8904702226531527,-0.9503860859257031,1.1548511158986279,1.6960306496993607,3.1465302887844917,-1.153341667663511,0
-1.7094331688028186,1.6432192360575315,-0.09668043006204297,1.2210608128630633,-1.2133990366197862,-1.310275701791423,3.555076070696327,1.4058188258293494,2
-0.4631148393643889,2.424514916122296,-0.420790159324942,0.8322540195305779,1.927436858208372,1.2283203529976747,-3.7184658851734027,2.5945925622156247,3
1.7421931029628215,2.617132619626752,-0.20569823131160048,-2.360077722512056,1.9263109558919123,3.5203384787229735,-1.159923533913005,-3.1390119833567396,3
1.2868462560419758,0.8796056821265682,-2.6024350782930474,0.0935094453616182,-1.9169680790239023,1.5309123519488823,-1.4670976546613517,-0.7048518375459472,2
-2.2028377774289583,-1.573962898584946,0.8414236124817279,0.3204336997992314,3.975049725576045,-0.6986262046390718,-0.5962810347252736,3.709275938625301,1
-0.17840329350547512,-1.068795692117205,0.15312182919527872,2.8396553411119334,-1.4819929933594733,0.07478400051417067,0.0198705067208631,0.17789683525112465,3
3.6224085231804026,-2.7555850877873067,0.20341980060315534,0.32478761344618023,-2.9094864023370013,0.6168714208817989,2.1165293021125713,2.3533031627082774,0
-0.49162494318049377,-2.7757145098627123,4.334066730305004,-2.0137952778690438,1.3433387854199903,-0.6039855001371448,1.7151284422921391,-1.698751250670191,0
-1.5039748719086425,1.6434810225441465,0.9500454530893971,0.7710621599252145,-1.7441048372819878,2.802190626418641,-0.5327435310818653,-0.7653879620202257,2
0.8415103731226968,2.407091545092171,0.20629631284682826,-0.6645876834382924,-1.9049709093583211,-0.19522069414636645,1.6114539563076167,-0.015202857015228721,2
-0.3506901701226115,-1.2723363675525532,0.8485923425897451,-1.1554013738272282,-1.7393972830672912,2.367212514102259,2.1668391930875988,-1.8178597734477542,0
1.7040649123578095,1.7796380736400896,3.2920634030932354,-8.137493244374102,3.2559251100501876,-1.059326723093141,-2.2456613161694072,-0.6998096171816506,2
-0.1741835600756232,1.6570031287454152,4.284825510450573,1.846428661055655,0.8134324016161643,0.07100178611042329,-4.148984739406152,-3.2043347238862054,2
-0.2481310242965309,0.22914032651291794,-1.2992490116905595,-0.5996357485807626,0.7150616954122468,0.5858838933210995,-0.6970388081305924,-1.2575295233770536,3
0.6668485333185779,-0.27052798716099247,1.3871850794369165,0.36881297015207637,0.3353335152374053,0.03341318210378241,0.8236226671159586,-1.8891571560806901,0
-0.41050555719351356,3.788455694468116,-1.5656963916657354,0.13564756753796647,-0.7427572289679476,-1.7791711972226558,-1.1588553232563634,-2.479501949350305,2
